cell_id,smooth,min_gain,min_ratio,fitted_knee_cycle,accepted,knee_cycle
b1c0,7,0.1,1.2,245.8,False,
b1c0,7,0.1,1.5,245.8,False,
b1c0,7,0.1,2.0,245.8,False,
b1c0,7,0.2,1.2,245.8,False,
b1c0,7,0.2,1.5,245.8,False,
b1c0,7,0.2,2.0,245.8,False,
b1c0,7,0.3,1.2,245.8,False,
b1c0,7,0.3,1.5,245.8,False,
b1c0,7,0.3,2.0,245.8,False,
b1c0,11,0.1,1.2,281.16999999999996,True,281.16999999999996
b1c0,11,0.1,1.5,281.16999999999996,False,
b1c0,11,0.1,2.0,281.16999999999996,False,
b1c0,11,0.2,1.2,281.16999999999996,False,
b1c0,11,0.2,1.5,281.16999999999996,False,
b1c0,11,0.2,2.0,281.16999999999996,False,
b1c0,11,0.3,1.2,281.16999999999996,False,
b1c0,11,0.3,1.5,281.16999999999996,False,
b1c0,11,0.3,2.0,281.16999999999996,False,
b1c0,21,0.1,1.2,269.38,True,269.38
b1c0,21,0.1,1.5,269.38,True,269.38
b1c0,21,0.1,2.0,269.38,False,
b1c0,21,0.2,1.2,269.38,True,269.38
b1c0,21,0.2,1.5,269.38,True,269.38
b1c0,21,0.2,2.0,269.38,False,
b1c0,21,0.3,1.2,269.38,False,
b1c0,21,0.3,1.5,269.38,False,
b1c0,21,0.3,2.0,269.38,False,
b1c1,7,0.1,1.2,418.79999999999995,True,418.79999999999995
b1c1,7,0.1,1.5,418.79999999999995,True,418.79999999999995
b1c1,7,0.1,2.0,418.79999999999995,False,
b1c1,7,0.2,1.2,418.79999999999995,True,418.79999999999995
b1c1,7,0.2,1.5,418.79999999999995,True,418.79999999999995
b1c1,7,0.2,2.0,418.79999999999995,False,
b1c1,7,0.3,1.2,418.79999999999995,True,418.79999999999995
b1c1,7,0.3,1.5,418.79999999999995,True,418.79999999999995
b1c1,7,0.3,2.0,418.79999999999995,False,
b1c1,11,0.1,1.2,418.79999999999995,True,418.79999999999995
b1c1,11,0.1,1.5,418.79999999999995,True,418.79999999999995
b1c1,11,0.1,2.0,418.79999999999995,False,
b1c1,11,0.2,1.2,418.79999999999995,True,418.79999999999995
b1c1,11,0.2,1.5,418.79999999999995,True,418.79999999999995
b1c1,11,0.2,2.0,418.79999999999995,False,
b1c1,11,0.3,1.2,418.79999999999995,True,418.79999999999995
b1c1,11,0.3,1.5,418.79999999999995,True,418.79999999999995
b1c1,11,0.3,2.0,418.79999999999995,False,
b1c1,21,0.1,1.2,418.79999999999995,True,418.79999999999995
b1c1,21,0.1,1.5,418.79999999999995,True,418.79999999999995
b1c1,21,0.1,2.0,418.79999999999995,False,
b1c1,21,0.2,1.2,418.79999999999995,True,418.79999999999995
b1c1,21,0.2,1.5,418.79999999999995,True,418.79999999999995
b1c1,21,0.2,2.0,418.79999999999995,False,
b1c1,21,0.3,1.2,418.79999999999995,True,418.79999999999995
b1c1,21,0.3,1.5,418.79999999999995,True,418.79999999999995
b1c1,21,0.3,2.0,418.79999999999995,False,
b1c2,7,0.1,1.2,441.42,True,441.42
b1c2,7,0.1,1.5,441.42,True,441.42
b1c2,7,0.1,2.0,441.42,False,
b1c2,7,0.2,1.2,441.42,True,441.42
b1c2,7,0.2,1.5,441.42,True,441.42
b1c2,7,0.2,2.0,441.42,False,
b1c2,7,0.3,1.2,441.42,True,441.42
b1c2,7,0.3,1.5,441.42,True,441.42
b1c2,7,0.3,2.0,441.42,False,
b1c2,11,0.1,1.2,441.42,True,441.42
b1c2,11,0.1,1.5,441.42,True,441.42
b1c2,11,0.1,2.0,441.42,False,
b1c2,11,0.2,1.2,441.42,True,441.42
b1c2,11,0.2,1.5,441.42,True,441.42
b1c2,11,0.2,2.0,441.42,False,
b1c2,11,0.3,1.2,441.42,True,441.42
b1c2,11,0.3,1.5,441.42,True,441.42
b1c2,11,0.3,2.0,441.42,False,
b1c2,21,0.1,1.2,441.42,True,441.42
b1c2,21,0.1,1.5,441.42,True,441.42
b1c2,21,0.1,2.0,441.42,False,
b1c2,21,0.2,1.2,441.42,True,441.42
b1c2,21,0.2,1.5,441.42,True,441.42
b1c2,21,0.2,2.0,441.42,False,
b1c2,21,0.3,1.2,441.42,True,441.42
b1c2,21,0.3,1.5,441.42,True,441.42
b1c2,21,0.3,2.0,441.42,False,
b1c3,7,0.1,1.2,969.85,True,969.85
b1c3,7,0.1,1.5,969.85,True,969.85
b1c3,7,0.1,2.0,969.85,True,969.85
b1c3,7,0.2,1.2,969.85,True,969.85
b1c3,7,0.2,1.5,969.85,True,969.85
b1c3,7,0.2,2.0,969.85,True,969.85
b1c3,7,0.3,1.2,969.85,True,969.85
b1c3,7,0.3,1.5,969.85,True,969.85
b1c3,7,0.3,2.0,969.85,True,969.85
b1c3,11,0.1,1.2,969.85,True,969.85
b1c3,11,0.1,1.5,969.85,True,969.85
b1c3,11,0.1,2.0,969.85,True,969.85
b1c3,11,0.2,1.2,969.85,True,969.85
b1c3,11,0.2,1.5,969.85,True,969.85
b1c3,11,0.2,2.0,969.85,True,969.85
b1c3,11,0.3,1.2,969.85,True,969.85
b1c3,11,0.3,1.5,969.85,True,969.85
b1c3,11,0.3,2.0,969.85,True,969.85
b1c3,21,0.1,1.2,969.85,True,969.85
b1c3,21,0.1,1.5,969.85,True,969.85
b1c3,21,0.1,2.0,969.85,True,969.85
b1c3,21,0.2,1.2,969.85,True,969.85
b1c3,21,0.2,1.5,969.85,True,969.85
b1c3,21,0.2,2.0,969.85,True,969.85
b1c3,21,0.3,1.2,969.85,True,969.85
b1c3,21,0.3,1.5,969.85,True,969.85
b1c3,21,0.3,2.0,969.85,True,969.85
b1c4,7,0.1,1.2,897.68,True,897.68
b1c4,7,0.1,1.5,897.68,True,897.68
b1c4,7,0.1,2.0,897.68,True,897.68
b1c4,7,0.2,1.2,897.68,True,897.68
b1c4,7,0.2,1.5,897.68,True,897.68
b1c4,7,0.2,2.0,897.68,True,897.68
b1c4,7,0.3,1.2,897.68,True,897.68
b1c4,7,0.3,1.5,897.68,True,897.68
b1c4,7,0.3,2.0,897.68,True,897.68
b1c4,11,0.1,1.2,897.68,True,897.68
b1c4,11,0.1,1.5,897.68,True,897.68
b1c4,11,0.1,2.0,897.68,True,897.68
b1c4,11,0.2,1.2,897.68,True,897.68
b1c4,11,0.2,1.5,897.68,True,897.68
b1c4,11,0.2,2.0,897.68,True,897.68
b1c4,11,0.3,1.2,897.68,True,897.68
b1c4,11,0.3,1.5,897.68,True,897.68
b1c4,11,0.3,2.0,897.68,True,897.68
b1c4,21,0.1,1.2,897.68,True,897.68
b1c4,21,0.1,1.5,897.68,True,897.68
b1c4,21,0.1,2.0,897.68,True,897.68
b1c4,21,0.2,1.2,897.68,True,897.68
b1c4,21,0.2,1.5,897.68,True,897.68
b1c4,21,0.2,2.0,897.68,True,897.68
b1c4,21,0.3,1.2,897.68,True,897.68
b1c4,21,0.3,1.5,897.68,True,897.68
b1c4,21,0.3,2.0,897.68,True,897.68
b1c5,7,0.1,1.2,881.6600000000001,True,881.6600000000001
b1c5,7,0.1,1.5,881.6600000000001,True,881.6600000000001
b1c5,7,0.1,2.0,881.6600000000001,True,881.6600000000001
b1c5,7,0.2,1.2,881.6600000000001,True,881.6600000000001
b1c5,7,0.2,1.5,881.6600000000001,True,881.6600000000001
b1c5,7,0.2,2.0,881.6600000000001,True,881.6600000000001
b1c5,7,0.3,1.2,881.6600000000001,True,881.6600000000001
b1c5,7,0.3,1.5,881.6600000000001,True,881.6600000000001
b1c5,7,0.3,2.0,881.6600000000001,True,881.6600000000001
b1c5,11,0.1,1.2,881.6600000000001,True,881.6600000000001
b1c5,11,0.1,1.5,881.6600000000001,True,881.6600000000001
b1c5,11,0.1,2.0,881.6600000000001,True,881.6600000000001
b1c5,11,0.2,1.2,881.6600000000001,True,881.6600000000001
b1c5,11,0.2,1.5,881.6600000000001,True,881.6600000000001
b1c5,11,0.2,2.0,881.6600000000001,True,881.6600000000001
b1c5,11,0.3,1.2,881.6600000000001,True,881.6600000000001
b1c5,11,0.3,1.5,881.6600000000001,True,881.6600000000001
b1c5,11,0.3,2.0,881.6600000000001,True,881.6600000000001
b1c5,21,0.1,1.2,881.6600000000001,True,881.6600000000001
b1c5,21,0.1,1.5,881.6600000000001,True,881.6600000000001
b1c5,21,0.1,2.0,881.6600000000001,True,881.6600000000001
b1c5,21,0.2,1.2,881.6600000000001,True,881.6600000000001
b1c5,21,0.2,1.5,881.6600000000001,True,881.6600000000001
b1c5,21,0.2,2.0,881.6600000000001,True,881.6600000000001
b1c5,21,0.3,1.2,881.6600000000001,True,881.6600000000001
b1c5,21,0.3,1.5,881.6600000000001,True,881.6600000000001
b1c5,21,0.3,2.0,881.6600000000001,True,881.6600000000001
b1c6,7,0.1,1.2,516.25,True,516.25
b1c6,7,0.1,1.5,516.25,True,516.25
b1c6,7,0.1,2.0,516.25,True,516.25
b1c6,7,0.2,1.2,516.25,True,516.25
b1c6,7,0.2,1.5,516.25,True,516.25
b1c6,7,0.2,2.0,516.25,True,516.25
b1c6,7,0.3,1.2,516.25,True,516.25
b1c6,7,0.3,1.5,516.25,True,516.25
b1c6,7,0.3,2.0,516.25,True,516.25
b1c6,11,0.1,1.2,516.25,True,516.25
b1c6,11,0.1,1.5,516.25,True,516.25
b1c6,11,0.1,2.0,516.25,True,516.25
b1c6,11,0.2,1.2,516.25,True,516.25
b1c6,11,0.2,1.5,516.25,True,516.25
b1c6,11,0.2,2.0,516.25,True,516.25
b1c6,11,0.3,1.2,516.25,True,516.25
b1c6,11,0.3,1.5,516.25,True,516.25
b1c6,11,0.3,2.0,516.25,True,516.25
b1c6,21,0.1,1.2,516.25,True,516.25
b1c6,21,0.1,1.5,516.25,True,516.25
b1c6,21,0.1,2.0,516.25,True,516.25
b1c6,21,0.2,1.2,516.25,True,516.25
b1c6,21,0.2,1.5,516.25,True,516.25
b1c6,21,0.2,2.0,516.25,True,516.25
b1c6,21,0.3,1.2,516.25,True,516.25
b1c6,21,0.3,1.5,516.25,True,516.25
b1c6,21,0.3,2.0,516.25,True,516.25
b1c7,7,0.1,1.2,645.66,True,645.66
b1c7,7,0.1,1.5,645.66,True,645.66
b1c7,7,0.1,2.0,645.66,True,645.66
b1c7,7,0.2,1.2,645.66,True,645.66
b1c7,7,0.2,1.5,645.66,True,645.66
b1c7,7,0.2,2.0,645.66,True,645.66
b1c7,7,0.3,1.2,645.66,True,645.66
b1c7,7,0.3,1.5,645.66,True,645.66
b1c7,7,0.3,2.0,645.66,True,645.66
b1c7,11,0.1,1.2,645.66,True,645.66
b1c7,11,0.1,1.5,645.66,True,645.66
b1c7,11,0.1,2.0,645.66,True,645.66
b1c7,11,0.2,1.2,645.66,True,645.66
b1c7,11,0.2,1.5,645.66,True,645.66
b1c7,11,0.2,2.0,645.66,True,645.66
b1c7,11,0.3,1.2,645.66,True,645.66
b1c7,11,0.3,1.5,645.66,True,645.66
b1c7,11,0.3,2.0,645.66,True,645.66
b1c7,21,0.1,1.2,645.66,True,645.66
b1c7,21,0.1,1.5,645.66,True,645.66
b1c7,21,0.1,2.0,645.66,True,645.66
b1c7,21,0.2,1.2,645.66,True,645.66
b1c7,21,0.2,1.5,645.66,True,645.66
b1c7,21,0.2,2.0,645.66,True,645.66
b1c7,21,0.3,1.2,645.66,True,645.66
b1c7,21,0.3,1.5,645.66,True,645.66
b1c7,21,0.3,2.0,645.66,True,645.66
b1c8,7,0.1,1.2,678.36,True,678.36
b1c8,7,0.1,1.5,678.36,True,678.36
b1c8,7,0.1,2.0,678.36,True,678.36
b1c8,7,0.2,1.2,678.36,True,678.36
b1c8,7,0.2,1.5,678.36,True,678.36
b1c8,7,0.2,2.0,678.36,True,678.36
b1c8,7,0.3,1.2,678.36,True,678.36
b1c8,7,0.3,1.5,678.36,True,678.36
b1c8,7,0.3,2.0,678.36,True,678.36
b1c8,11,0.1,1.2,678.36,True,678.36
b1c8,11,0.1,1.5,678.36,True,678.36
b1c8,11,0.1,2.0,678.36,True,678.36
b1c8,11,0.2,1.2,678.36,True,678.36
b1c8,11,0.2,1.5,678.36,True,678.36
b1c8,11,0.2,2.0,678.36,True,678.36
b1c8,11,0.3,1.2,678.36,True,678.36
b1c8,11,0.3,1.5,678.36,True,678.36
b1c8,11,0.3,2.0,678.36,True,678.36
b1c8,21,0.1,1.2,678.36,True,678.36
b1c8,21,0.1,1.5,678.36,True,678.36
b1c8,21,0.1,2.0,678.36,True,678.36
b1c8,21,0.2,1.2,678.36,True,678.36
b1c8,21,0.2,1.5,678.36,True,678.36
b1c8,21,0.2,2.0,678.36,True,678.36
b1c8,21,0.3,1.2,678.36,True,678.36
b1c8,21,0.3,1.5,678.36,True,678.36
b1c8,21,0.3,2.0,678.36,True,678.36
b1c9,7,0.1,1.2,792.25,True,792.25
b1c9,7,0.1,1.5,792.25,True,792.25
b1c9,7,0.1,2.0,792.25,True,792.25
b1c9,7,0.2,1.2,792.25,True,792.25
b1c9,7,0.2,1.5,792.25,True,792.25
b1c9,7,0.2,2.0,792.25,True,792.25
b1c9,7,0.3,1.2,792.25,True,792.25
b1c9,7,0.3,1.5,792.25,True,792.25
b1c9,7,0.3,2.0,792.25,True,792.25
b1c9,11,0.1,1.2,792.25,True,792.25
b1c9,11,0.1,1.5,792.25,True,792.25
b1c9,11,0.1,2.0,792.25,True,792.25
b1c9,11,0.2,1.2,792.25,True,792.25
b1c9,11,0.2,1.5,792.25,True,792.25
b1c9,11,0.2,2.0,792.25,True,792.25
b1c9,11,0.3,1.2,792.25,True,792.25
b1c9,11,0.3,1.5,792.25,True,792.25
b1c9,11,0.3,2.0,792.25,True,792.25
b1c9,21,0.1,1.2,792.25,True,792.25
b1c9,21,0.1,1.5,792.25,True,792.25
b1c9,21,0.1,2.0,792.25,True,792.25
b1c9,21,0.2,1.2,792.25,True,792.25
b1c9,21,0.2,1.5,792.25,True,792.25
b1c9,21,0.2,2.0,792.25,True,792.25
b1c9,21,0.3,1.2,792.25,True,792.25
b1c9,21,0.3,1.5,792.25,True,792.25
b1c9,21,0.3,2.0,792.25,True,792.25
b1c10,7,0.1,1.2,690.2,True,690.2
b1c10,7,0.1,1.5,690.2,True,690.2
b1c10,7,0.1,2.0,690.2,True,690.2
b1c10,7,0.2,1.2,690.2,True,690.2
b1c10,7,0.2,1.5,690.2,True,690.2
b1c10,7,0.2,2.0,690.2,True,690.2
b1c10,7,0.3,1.2,690.2,True,690.2
b1c10,7,0.3,1.5,690.2,True,690.2
b1c10,7,0.3,2.0,690.2,True,690.2
b1c10,11,0.1,1.2,690.2,True,690.2
b1c10,11,0.1,1.5,690.2,True,690.2
b1c10,11,0.1,2.0,690.2,True,690.2
b1c10,11,0.2,1.2,690.2,True,690.2
b1c10,11,0.2,1.5,690.2,True,690.2
b1c10,11,0.2,2.0,690.2,True,690.2
b1c10,11,0.3,1.2,690.2,True,690.2
b1c10,11,0.3,1.5,690.2,True,690.2
b1c10,11,0.3,2.0,690.2,True,690.2
b1c10,21,0.1,1.2,690.2,True,690.2
b1c10,21,0.1,1.5,690.2,True,690.2
b1c10,21,0.1,2.0,690.2,True,690.2
b1c10,21,0.2,1.2,690.2,True,690.2
b1c10,21,0.2,1.5,690.2,True,690.2
b1c10,21,0.2,2.0,690.2,True,690.2
b1c10,21,0.3,1.2,690.2,True,690.2
b1c10,21,0.3,1.5,690.2,True,690.2
b1c10,21,0.3,2.0,690.2,True,690.2
b1c11,7,0.1,1.2,592.75,True,592.75
b1c11,7,0.1,1.5,592.75,True,592.75
b1c11,7,0.1,2.0,592.75,True,592.75
b1c11,7,0.2,1.2,592.75,True,592.75
b1c11,7,0.2,1.5,592.75,True,592.75
b1c11,7,0.2,2.0,592.75,True,592.75
b1c11,7,0.3,1.2,592.75,True,592.75
b1c11,7,0.3,1.5,592.75,True,592.75
b1c11,7,0.3,2.0,592.75,True,592.75
b1c11,11,0.1,1.2,592.75,True,592.75
b1c11,11,0.1,1.5,592.75,True,592.75
b1c11,11,0.1,2.0,592.75,True,592.75
b1c11,11,0.2,1.2,592.75,True,592.75
b1c11,11,0.2,1.5,592.75,True,592.75
b1c11,11,0.2,2.0,592.75,True,592.75
b1c11,11,0.3,1.2,592.75,True,592.75
b1c11,11,0.3,1.5,592.75,True,592.75
b1c11,11,0.3,2.0,592.75,True,592.75
b1c11,21,0.1,1.2,592.75,True,592.75
b1c11,21,0.1,1.5,592.75,True,592.75
b1c11,21,0.1,2.0,592.75,True,592.75
b1c11,21,0.2,1.2,592.75,True,592.75
b1c11,21,0.2,1.5,592.75,True,592.75
b1c11,21,0.2,2.0,592.75,True,592.75
b1c11,21,0.3,1.2,592.75,True,592.75
b1c11,21,0.3,1.5,592.75,True,592.75
b1c11,21,0.3,2.0,592.75,True,592.75
b1c12,7,0.1,1.2,687.16,True,687.16
b1c12,7,0.1,1.5,687.16,True,687.16
b1c12,7,0.1,2.0,687.16,True,687.16
b1c12,7,0.2,1.2,687.16,True,687.16
b1c12,7,0.2,1.5,687.16,True,687.16
b1c12,7,0.2,2.0,687.16,True,687.16
b1c12,7,0.3,1.2,687.16,True,687.16
b1c12,7,0.3,1.5,687.16,True,687.16
b1c12,7,0.3,2.0,687.16,True,687.16
b1c12,11,0.1,1.2,687.16,True,687.16
b1c12,11,0.1,1.5,687.16,True,687.16
b1c12,11,0.1,2.0,687.16,True,687.16
b1c12,11,0.2,1.2,687.16,True,687.16
b1c12,11,0.2,1.5,687.16,True,687.16
b1c12,11,0.2,2.0,687.16,True,687.16
b1c12,11,0.3,1.2,687.16,True,687.16
b1c12,11,0.3,1.5,687.16,True,687.16
b1c12,11,0.3,2.0,687.16,True,687.16
b1c12,21,0.1,1.2,687.16,True,687.16
b1c12,21,0.1,1.5,687.16,True,687.16
b1c12,21,0.1,2.0,687.16,True,687.16
b1c12,21,0.2,1.2,687.16,True,687.16
b1c12,21,0.2,1.5,687.16,True,687.16
b1c12,21,0.2,2.0,687.16,True,687.16
b1c12,21,0.3,1.2,687.16,True,687.16
b1c12,21,0.3,1.5,687.16,True,687.16
b1c12,21,0.3,2.0,687.16,True,687.16
b1c13,7,0.1,1.2,709.94,True,709.94
b1c13,7,0.1,1.5,709.94,True,709.94
b1c13,7,0.1,2.0,709.94,True,709.94
b1c13,7,0.2,1.2,709.94,True,709.94
b1c13,7,0.2,1.5,709.94,True,709.94
b1c13,7,0.2,2.0,709.94,True,709.94
b1c13,7,0.3,1.2,709.94,True,709.94
b1c13,7,0.3,1.5,709.94,True,709.94
b1c13,7,0.3,2.0,709.94,True,709.94
b1c13,11,0.1,1.2,709.94,True,709.94
b1c13,11,0.1,1.5,709.94,True,709.94
b1c13,11,0.1,2.0,709.94,True,709.94
b1c13,11,0.2,1.2,709.94,True,709.94
b1c13,11,0.2,1.5,709.94,True,709.94
b1c13,11,0.2,2.0,709.94,True,709.94
b1c13,11,0.3,1.2,709.94,True,709.94
b1c13,11,0.3,1.5,709.94,True,709.94
b1c13,11,0.3,2.0,709.94,True,709.94
b1c13,21,0.1,1.2,709.94,True,709.94
b1c13,21,0.1,1.5,709.94,True,709.94
b1c13,21,0.1,2.0,709.94,True,709.94
b1c13,21,0.2,1.2,709.94,True,709.94
b1c13,21,0.2,1.5,709.94,True,709.94
b1c13,21,0.2,2.0,709.94,True,709.94
b1c13,21,0.3,1.2,709.94,True,709.94
b1c13,21,0.3,1.5,709.94,True,709.94
b1c13,21,0.3,2.0,709.94,True,709.94
b1c14,7,0.1,1.2,653.06,True,653.06
b1c14,7,0.1,1.5,653.06,True,653.06
b1c14,7,0.1,2.0,653.06,True,653.06
b1c14,7,0.2,1.2,653.06,True,653.06
b1c14,7,0.2,1.5,653.06,True,653.06
b1c14,7,0.2,2.0,653.06,True,653.06
b1c14,7,0.3,1.2,653.06,True,653.06
b1c14,7,0.3,1.5,653.06,True,653.06
b1c14,7,0.3,2.0,653.06,True,653.06
b1c14,11,0.1,1.2,653.06,True,653.06
b1c14,11,0.1,1.5,653.06,True,653.06
b1c14,11,0.1,2.0,653.06,True,653.06
b1c14,11,0.2,1.2,653.06,True,653.06
b1c14,11,0.2,1.5,653.06,True,653.06
b1c14,11,0.2,2.0,653.06,True,653.06
b1c14,11,0.3,1.2,653.06,True,653.06
b1c14,11,0.3,1.5,653.06,True,653.06
b1c14,11,0.3,2.0,653.06,True,653.06
b1c14,21,0.1,1.2,653.06,True,653.06
b1c14,21,0.1,1.5,653.06,True,653.06
b1c14,21,0.1,2.0,653.06,True,653.06
b1c14,21,0.2,1.2,653.06,True,653.06
b1c14,21,0.2,1.5,653.06,True,653.06
b1c14,21,0.2,2.0,653.06,True,653.06
b1c14,21,0.3,1.2,653.06,True,653.06
b1c14,21,0.3,1.5,653.06,True,653.06
b1c14,21,0.3,2.0,653.06,True,653.06
b1c15,7,0.1,1.2,555.16,True,555.16
b1c15,7,0.1,1.5,555.16,True,555.16
b1c15,7,0.1,2.0,555.16,True,555.16
b1c15,7,0.2,1.2,555.16,True,555.16
b1c15,7,0.2,1.5,555.16,True,555.16
b1c15,7,0.2,2.0,555.16,True,555.16
b1c15,7,0.3,1.2,555.16,True,555.16
b1c15,7,0.3,1.5,555.16,True,555.16
b1c15,7,0.3,2.0,555.16,True,555.16
b1c15,11,0.1,1.2,555.16,True,555.16
b1c15,11,0.1,1.5,555.16,True,555.16
b1c15,11,0.1,2.0,555.16,True,555.16
b1c15,11,0.2,1.2,555.16,True,555.16
b1c15,11,0.2,1.5,555.16,True,555.16
b1c15,11,0.2,2.0,555.16,True,555.16
b1c15,11,0.3,1.2,555.16,True,555.16
b1c15,11,0.3,1.5,555.16,True,555.16
b1c15,11,0.3,2.0,555.16,True,555.16
b1c15,21,0.1,1.2,555.16,True,555.16
b1c15,21,0.1,1.5,555.16,True,555.16
b1c15,21,0.1,2.0,555.16,True,555.16
b1c15,21,0.2,1.2,555.16,True,555.16
b1c15,21,0.2,1.5,555.16,True,555.16
b1c15,21,0.2,2.0,555.16,True,555.16
b1c15,21,0.3,1.2,555.16,True,555.16
b1c15,21,0.3,1.5,555.16,True,555.16
b1c15,21,0.3,2.0,555.16,True,555.16
b1c16,7,0.1,1.2,673.78,True,673.78
b1c16,7,0.1,1.5,673.78,True,673.78
b1c16,7,0.1,2.0,673.78,True,673.78
b1c16,7,0.2,1.2,673.78,True,673.78
b1c16,7,0.2,1.5,673.78,True,673.78
b1c16,7,0.2,2.0,673.78,True,673.78
b1c16,7,0.3,1.2,673.78,True,673.78
b1c16,7,0.3,1.5,673.78,True,673.78
b1c16,7,0.3,2.0,673.78,True,673.78
b1c16,11,0.1,1.2,673.78,True,673.78
b1c16,11,0.1,1.5,673.78,True,673.78
b1c16,11,0.1,2.0,673.78,True,673.78
b1c16,11,0.2,1.2,673.78,True,673.78
b1c16,11,0.2,1.5,673.78,True,673.78
b1c16,11,0.2,2.0,673.78,True,673.78
b1c16,11,0.3,1.2,673.78,True,673.78
b1c16,11,0.3,1.5,673.78,True,673.78
b1c16,11,0.3,2.0,673.78,True,673.78
b1c16,21,0.1,1.2,673.78,True,673.78
b1c16,21,0.1,1.5,673.78,True,673.78
b1c16,21,0.1,2.0,673.78,True,673.78
b1c16,21,0.2,1.2,673.78,True,673.78
b1c16,21,0.2,1.5,673.78,True,673.78
b1c16,21,0.2,2.0,673.78,True,673.78
b1c16,21,0.3,1.2,673.78,True,673.78
b1c16,21,0.3,1.5,673.78,True,673.78
b1c16,21,0.3,2.0,673.78,True,673.78
b1c17,7,0.1,1.2,652.96,True,652.96
b1c17,7,0.1,1.5,652.96,True,652.96
b1c17,7,0.1,2.0,652.96,True,652.96
b1c17,7,0.2,1.2,652.96,True,652.96
b1c17,7,0.2,1.5,652.96,True,652.96
b1c17,7,0.2,2.0,652.96,True,652.96
b1c17,7,0.3,1.2,652.96,True,652.96
b1c17,7,0.3,1.5,652.96,True,652.96
b1c17,7,0.3,2.0,652.96,True,652.96
b1c17,11,0.1,1.2,652.96,True,652.96
b1c17,11,0.1,1.5,652.96,True,652.96
b1c17,11,0.1,2.0,652.96,True,652.96
b1c17,11,0.2,1.2,652.96,True,652.96
b1c17,11,0.2,1.5,652.96,True,652.96
b1c17,11,0.2,2.0,652.96,True,652.96
b1c17,11,0.3,1.2,652.96,True,652.96
b1c17,11,0.3,1.5,652.96,True,652.96
b1c17,11,0.3,2.0,652.96,True,652.96
b1c17,21,0.1,1.2,652.96,True,652.96
b1c17,21,0.1,1.5,652.96,True,652.96
b1c17,21,0.1,2.0,652.96,True,652.96
b1c17,21,0.2,1.2,652.96,True,652.96
b1c17,21,0.2,1.5,652.96,True,652.96
b1c17,21,0.2,2.0,652.96,True,652.96
b1c17,21,0.3,1.2,652.96,True,652.96
b1c17,21,0.3,1.5,652.96,True,652.96
b1c17,21,0.3,2.0,652.96,True,652.96
b1c18,7,0.1,1.2,567.6,True,567.6
b1c18,7,0.1,1.5,567.6,True,567.6
b1c18,7,0.1,2.0,567.6,True,567.6
b1c18,7,0.2,1.2,567.6,True,567.6
b1c18,7,0.2,1.5,567.6,True,567.6
b1c18,7,0.2,2.0,567.6,True,567.6
b1c18,7,0.3,1.2,567.6,True,567.6
b1c18,7,0.3,1.5,567.6,True,567.6
b1c18,7,0.3,2.0,567.6,True,567.6
b1c18,11,0.1,1.2,567.6,True,567.6
b1c18,11,0.1,1.5,567.6,True,567.6
b1c18,11,0.1,2.0,567.6,True,567.6
b1c18,11,0.2,1.2,567.6,True,567.6
b1c18,11,0.2,1.5,567.6,True,567.6
b1c18,11,0.2,2.0,567.6,True,567.6
b1c18,11,0.3,1.2,567.6,True,567.6
b1c18,11,0.3,1.5,567.6,True,567.6
b1c18,11,0.3,2.0,567.6,True,567.6
b1c18,21,0.1,1.2,567.6,True,567.6
b1c18,21,0.1,1.5,567.6,True,567.6
b1c18,21,0.1,2.0,567.6,True,567.6
b1c18,21,0.2,1.2,567.6,True,567.6
b1c18,21,0.2,1.5,567.6,True,567.6
b1c18,21,0.2,2.0,567.6,True,567.6
b1c18,21,0.3,1.2,567.6,True,567.6
b1c18,21,0.3,1.5,567.6,True,567.6
b1c18,21,0.3,2.0,567.6,True,567.6
b1c19,7,0.1,1.2,577.21,True,577.21
b1c19,7,0.1,1.5,577.21,True,577.21
b1c19,7,0.1,2.0,577.21,True,577.21
b1c19,7,0.2,1.2,577.21,True,577.21
b1c19,7,0.2,1.5,577.21,True,577.21
b1c19,7,0.2,2.0,577.21,True,577.21
b1c19,7,0.3,1.2,577.21,True,577.21
b1c19,7,0.3,1.5,577.21,True,577.21
b1c19,7,0.3,2.0,577.21,True,577.21
b1c19,11,0.1,1.2,577.21,True,577.21
b1c19,11,0.1,1.5,577.21,True,577.21
b1c19,11,0.1,2.0,577.21,True,577.21
b1c19,11,0.2,1.2,577.21,True,577.21
b1c19,11,0.2,1.5,577.21,True,577.21
b1c19,11,0.2,2.0,577.21,True,577.21
b1c19,11,0.3,1.2,577.21,True,577.21
b1c19,11,0.3,1.5,577.21,True,577.21
b1c19,11,0.3,2.0,577.21,True,577.21
b1c19,21,0.1,1.2,577.21,True,577.21
b1c19,21,0.1,1.5,577.21,True,577.21
b1c19,21,0.1,2.0,577.21,True,577.21
b1c19,21,0.2,1.2,577.21,True,577.21
b1c19,21,0.2,1.5,577.21,True,577.21
b1c19,21,0.2,2.0,577.21,True,577.21
b1c19,21,0.3,1.2,577.21,True,577.21
b1c19,21,0.3,1.5,577.21,True,577.21
b1c19,21,0.3,2.0,577.21,True,577.21
b1c20,7,0.1,1.2,417.94,True,417.94
b1c20,7,0.1,1.5,417.94,True,417.94
b1c20,7,0.1,2.0,417.94,True,417.94
b1c20,7,0.2,1.2,417.94,True,417.94
b1c20,7,0.2,1.5,417.94,True,417.94
b1c20,7,0.2,2.0,417.94,True,417.94
b1c20,7,0.3,1.2,417.94,True,417.94
b1c20,7,0.3,1.5,417.94,True,417.94
b1c20,7,0.3,2.0,417.94,True,417.94
b1c20,11,0.1,1.2,417.94,True,417.94
b1c20,11,0.1,1.5,417.94,True,417.94
b1c20,11,0.1,2.0,417.94,True,417.94
b1c20,11,0.2,1.2,417.94,True,417.94
b1c20,11,0.2,1.5,417.94,True,417.94
b1c20,11,0.2,2.0,417.94,True,417.94
b1c20,11,0.3,1.2,417.94,True,417.94
b1c20,11,0.3,1.5,417.94,True,417.94
b1c20,11,0.3,2.0,417.94,True,417.94
b1c20,21,0.1,1.2,417.94,True,417.94
b1c20,21,0.1,1.5,417.94,True,417.94
b1c20,21,0.1,2.0,417.94,True,417.94
b1c20,21,0.2,1.2,417.94,True,417.94
b1c20,21,0.2,1.5,417.94,True,417.94
b1c20,21,0.2,2.0,417.94,True,417.94
b1c20,21,0.3,1.2,417.94,True,417.94
b1c20,21,0.3,1.5,417.94,True,417.94
b1c20,21,0.3,2.0,417.94,True,417.94
b1c21,7,0.1,1.2,442.92,True,442.92
b1c21,7,0.1,1.5,442.92,True,442.92
b1c21,7,0.1,2.0,442.92,True,442.92
b1c21,7,0.2,1.2,442.92,True,442.92
b1c21,7,0.2,1.5,442.92,True,442.92
b1c21,7,0.2,2.0,442.92,True,442.92
b1c21,7,0.3,1.2,442.92,True,442.92
b1c21,7,0.3,1.5,442.92,True,442.92
b1c21,7,0.3,2.0,442.92,True,442.92
b1c21,11,0.1,1.2,442.92,True,442.92
b1c21,11,0.1,1.5,442.92,True,442.92
b1c21,11,0.1,2.0,442.92,True,442.92
b1c21,11,0.2,1.2,442.92,True,442.92
b1c21,11,0.2,1.5,442.92,True,442.92
b1c21,11,0.2,2.0,442.92,True,442.92
b1c21,11,0.3,1.2,442.92,True,442.92
b1c21,11,0.3,1.5,442.92,True,442.92
b1c21,11,0.3,2.0,442.92,True,442.92
b1c21,21,0.1,1.2,442.92,True,442.92
b1c21,21,0.1,1.5,442.92,True,442.92
b1c21,21,0.1,2.0,442.92,True,442.92
b1c21,21,0.2,1.2,442.92,True,442.92
b1c21,21,0.2,1.5,442.92,True,442.92
b1c21,21,0.2,2.0,442.92,True,442.92
b1c21,21,0.3,1.2,442.92,True,442.92
b1c21,21,0.3,1.5,442.92,True,442.92
b1c21,21,0.3,2.0,442.92,True,442.92
b1c22,7,0.1,1.2,661.2,True,661.2
b1c22,7,0.1,1.5,661.2,True,661.2
b1c22,7,0.1,2.0,661.2,True,661.2
b1c22,7,0.2,1.2,661.2,True,661.2
b1c22,7,0.2,1.5,661.2,True,661.2
b1c22,7,0.2,2.0,661.2,True,661.2
b1c22,7,0.3,1.2,661.2,True,661.2
b1c22,7,0.3,1.5,661.2,True,661.2
b1c22,7,0.3,2.0,661.2,True,661.2
b1c22,11,0.1,1.2,661.2,True,661.2
b1c22,11,0.1,1.5,661.2,True,661.2
b1c22,11,0.1,2.0,661.2,True,661.2
b1c22,11,0.2,1.2,661.2,True,661.2
b1c22,11,0.2,1.5,661.2,True,661.2
b1c22,11,0.2,2.0,661.2,True,661.2
b1c22,11,0.3,1.2,661.2,True,661.2
b1c22,11,0.3,1.5,661.2,True,661.2
b1c22,11,0.3,2.0,661.2,True,661.2
b1c22,21,0.1,1.2,661.2,True,661.2
b1c22,21,0.1,1.5,661.2,True,661.2
b1c22,21,0.1,2.0,661.2,True,661.2
b1c22,21,0.2,1.2,661.2,True,661.2
b1c22,21,0.2,1.5,661.2,True,661.2
b1c22,21,0.2,2.0,661.2,True,661.2
b1c22,21,0.3,1.2,661.2,True,661.2
b1c22,21,0.3,1.5,661.2,True,661.2
b1c22,21,0.3,2.0,661.2,True,661.2
b1c23,7,0.1,1.2,772.28,True,772.28
b1c23,7,0.1,1.5,772.28,True,772.28
b1c23,7,0.1,2.0,772.28,True,772.28
b1c23,7,0.2,1.2,772.28,True,772.28
b1c23,7,0.2,1.5,772.28,True,772.28
b1c23,7,0.2,2.0,772.28,True,772.28
b1c23,7,0.3,1.2,772.28,True,772.28
b1c23,7,0.3,1.5,772.28,True,772.28
b1c23,7,0.3,2.0,772.28,True,772.28
b1c23,11,0.1,1.2,772.28,True,772.28
b1c23,11,0.1,1.5,772.28,True,772.28
b1c23,11,0.1,2.0,772.28,True,772.28
b1c23,11,0.2,1.2,772.28,True,772.28
b1c23,11,0.2,1.5,772.28,True,772.28
b1c23,11,0.2,2.0,772.28,True,772.28
b1c23,11,0.3,1.2,772.28,True,772.28
b1c23,11,0.3,1.5,772.28,True,772.28
b1c23,11,0.3,2.0,772.28,True,772.28
b1c23,21,0.1,1.2,772.28,True,772.28
b1c23,21,0.1,1.5,772.28,True,772.28
b1c23,21,0.1,2.0,772.28,True,772.28
b1c23,21,0.2,1.2,772.28,True,772.28
b1c23,21,0.2,1.5,772.28,True,772.28
b1c23,21,0.2,2.0,772.28,True,772.28
b1c23,21,0.3,1.2,772.28,True,772.28
b1c23,21,0.3,1.5,772.28,True,772.28
b1c23,21,0.3,2.0,772.28,True,772.28
b1c24,7,0.1,1.2,754.4399999999999,True,754.4399999999999
b1c24,7,0.1,1.5,754.4399999999999,True,754.4399999999999
b1c24,7,0.1,2.0,754.4399999999999,True,754.4399999999999
b1c24,7,0.2,1.2,754.4399999999999,True,754.4399999999999
b1c24,7,0.2,1.5,754.4399999999999,True,754.4399999999999
b1c24,7,0.2,2.0,754.4399999999999,True,754.4399999999999
b1c24,7,0.3,1.2,754.4399999999999,True,754.4399999999999
b1c24,7,0.3,1.5,754.4399999999999,True,754.4399999999999
b1c24,7,0.3,2.0,754.4399999999999,True,754.4399999999999
b1c24,11,0.1,1.2,754.4399999999999,True,754.4399999999999
b1c24,11,0.1,1.5,754.4399999999999,True,754.4399999999999
b1c24,11,0.1,2.0,754.4399999999999,True,754.4399999999999
b1c24,11,0.2,1.2,754.4399999999999,True,754.4399999999999
b1c24,11,0.2,1.5,754.4399999999999,True,754.4399999999999
b1c24,11,0.2,2.0,754.4399999999999,True,754.4399999999999
b1c24,11,0.3,1.2,754.4399999999999,True,754.4399999999999
b1c24,11,0.3,1.5,754.4399999999999,True,754.4399999999999
b1c24,11,0.3,2.0,754.4399999999999,True,754.4399999999999
b1c24,21,0.1,1.2,754.4399999999999,True,754.4399999999999
b1c24,21,0.1,1.5,754.4399999999999,True,754.4399999999999
b1c24,21,0.1,2.0,754.4399999999999,True,754.4399999999999
b1c24,21,0.2,1.2,754.4399999999999,True,754.4399999999999
b1c24,21,0.2,1.5,754.4399999999999,True,754.4399999999999
b1c24,21,0.2,2.0,754.4399999999999,True,754.4399999999999
b1c24,21,0.3,1.2,754.4399999999999,True,754.4399999999999
b1c24,21,0.3,1.5,754.4399999999999,True,754.4399999999999
b1c24,21,0.3,2.0,754.4399999999999,True,754.4399999999999
b1c25,7,0.1,1.2,608.5300000000001,True,608.5300000000001
b1c25,7,0.1,1.5,608.5300000000001,True,608.5300000000001
b1c25,7,0.1,2.0,608.5300000000001,True,608.5300000000001
b1c25,7,0.2,1.2,608.5300000000001,True,608.5300000000001
b1c25,7,0.2,1.5,608.5300000000001,True,608.5300000000001
b1c25,7,0.2,2.0,608.5300000000001,True,608.5300000000001
b1c25,7,0.3,1.2,608.5300000000001,True,608.5300000000001
b1c25,7,0.3,1.5,608.5300000000001,True,608.5300000000001
b1c25,7,0.3,2.0,608.5300000000001,True,608.5300000000001
b1c25,11,0.1,1.2,608.5300000000001,True,608.5300000000001
b1c25,11,0.1,1.5,608.5300000000001,True,608.5300000000001
b1c25,11,0.1,2.0,608.5300000000001,True,608.5300000000001
b1c25,11,0.2,1.2,608.5300000000001,True,608.5300000000001
b1c25,11,0.2,1.5,608.5300000000001,True,608.5300000000001
b1c25,11,0.2,2.0,608.5300000000001,True,608.5300000000001
b1c25,11,0.3,1.2,608.5300000000001,True,608.5300000000001
b1c25,11,0.3,1.5,608.5300000000001,True,608.5300000000001
b1c25,11,0.3,2.0,608.5300000000001,True,608.5300000000001
b1c25,21,0.1,1.2,608.5300000000001,True,608.5300000000001
b1c25,21,0.1,1.5,608.5300000000001,True,608.5300000000001
b1c25,21,0.1,2.0,608.5300000000001,True,608.5300000000001
b1c25,21,0.2,1.2,608.5300000000001,True,608.5300000000001
b1c25,21,0.2,1.5,608.5300000000001,True,608.5300000000001
b1c25,21,0.2,2.0,608.5300000000001,True,608.5300000000001
b1c25,21,0.3,1.2,608.5300000000001,True,608.5300000000001
b1c25,21,0.3,1.5,608.5300000000001,True,608.5300000000001
b1c25,21,0.3,2.0,608.5300000000001,True,608.5300000000001
b1c26,7,0.1,1.2,654.25,True,654.25
b1c26,7,0.1,1.5,654.25,True,654.25
b1c26,7,0.1,2.0,654.25,True,654.25
b1c26,7,0.2,1.2,654.25,True,654.25
b1c26,7,0.2,1.5,654.25,True,654.25
b1c26,7,0.2,2.0,654.25,True,654.25
b1c26,7,0.3,1.2,654.25,True,654.25
b1c26,7,0.3,1.5,654.25,True,654.25
b1c26,7,0.3,2.0,654.25,True,654.25
b1c26,11,0.1,1.2,654.25,True,654.25
b1c26,11,0.1,1.5,654.25,True,654.25
b1c26,11,0.1,2.0,654.25,True,654.25
b1c26,11,0.2,1.2,654.25,True,654.25
b1c26,11,0.2,1.5,654.25,True,654.25
b1c26,11,0.2,2.0,654.25,True,654.25
b1c26,11,0.3,1.2,654.25,True,654.25
b1c26,11,0.3,1.5,654.25,True,654.25
b1c26,11,0.3,2.0,654.25,True,654.25
b1c26,21,0.1,1.2,654.25,True,654.25
b1c26,21,0.1,1.5,654.25,True,654.25
b1c26,21,0.1,2.0,654.25,True,654.25
b1c26,21,0.2,1.2,654.25,True,654.25
b1c26,21,0.2,1.5,654.25,True,654.25
b1c26,21,0.2,2.0,654.25,True,654.25
b1c26,21,0.3,1.2,654.25,True,654.25
b1c26,21,0.3,1.5,654.25,True,654.25
b1c26,21,0.3,2.0,654.25,True,654.25
b1c27,7,0.1,1.2,633.25,True,633.25
b1c27,7,0.1,1.5,633.25,True,633.25
b1c27,7,0.1,2.0,633.25,True,633.25
b1c27,7,0.2,1.2,633.25,True,633.25
b1c27,7,0.2,1.5,633.25,True,633.25
b1c27,7,0.2,2.0,633.25,True,633.25
b1c27,7,0.3,1.2,633.25,True,633.25
b1c27,7,0.3,1.5,633.25,True,633.25
b1c27,7,0.3,2.0,633.25,True,633.25
b1c27,11,0.1,1.2,633.25,True,633.25
b1c27,11,0.1,1.5,633.25,True,633.25
b1c27,11,0.1,2.0,633.25,True,633.25
b1c27,11,0.2,1.2,633.25,True,633.25
b1c27,11,0.2,1.5,633.25,True,633.25
b1c27,11,0.2,2.0,633.25,True,633.25
b1c27,11,0.3,1.2,633.25,True,633.25
b1c27,11,0.3,1.5,633.25,True,633.25
b1c27,11,0.3,2.0,633.25,True,633.25
b1c27,21,0.1,1.2,633.25,True,633.25
b1c27,21,0.1,1.5,633.25,True,633.25
b1c27,21,0.1,2.0,633.25,True,633.25
b1c27,21,0.2,1.2,633.25,True,633.25
b1c27,21,0.2,1.5,633.25,True,633.25
b1c27,21,0.2,2.0,633.25,True,633.25
b1c27,21,0.3,1.2,633.25,True,633.25
b1c27,21,0.3,1.5,633.25,True,633.25
b1c27,21,0.3,2.0,633.25,True,633.25
b1c28,7,0.1,1.2,629.77,True,629.77
b1c28,7,0.1,1.5,629.77,True,629.77
b1c28,7,0.1,2.0,629.77,True,629.77
b1c28,7,0.2,1.2,629.77,True,629.77
b1c28,7,0.2,1.5,629.77,True,629.77
b1c28,7,0.2,2.0,629.77,True,629.77
b1c28,7,0.3,1.2,629.77,True,629.77
b1c28,7,0.3,1.5,629.77,True,629.77
b1c28,7,0.3,2.0,629.77,True,629.77
b1c28,11,0.1,1.2,629.77,True,629.77
b1c28,11,0.1,1.5,629.77,True,629.77
b1c28,11,0.1,2.0,629.77,True,629.77
b1c28,11,0.2,1.2,629.77,True,629.77
b1c28,11,0.2,1.5,629.77,True,629.77
b1c28,11,0.2,2.0,629.77,True,629.77
b1c28,11,0.3,1.2,629.77,True,629.77
b1c28,11,0.3,1.5,629.77,True,629.77
b1c28,11,0.3,2.0,629.77,True,629.77
b1c28,21,0.1,1.2,629.77,True,629.77
b1c28,21,0.1,1.5,629.77,True,629.77
b1c28,21,0.1,2.0,629.77,True,629.77
b1c28,21,0.2,1.2,629.77,True,629.77
b1c28,21,0.2,1.5,629.77,True,629.77
b1c28,21,0.2,2.0,629.77,True,629.77
b1c28,21,0.3,1.2,629.77,True,629.77
b1c28,21,0.3,1.5,629.77,True,629.77
b1c28,21,0.3,2.0,629.77,True,629.77
b1c29,7,0.1,1.2,680.4399999999999,True,680.4399999999999
b1c29,7,0.1,1.5,680.4399999999999,True,680.4399999999999
b1c29,7,0.1,2.0,680.4399999999999,True,680.4399999999999
b1c29,7,0.2,1.2,680.4399999999999,True,680.4399999999999
b1c29,7,0.2,1.5,680.4399999999999,True,680.4399999999999
b1c29,7,0.2,2.0,680.4399999999999,True,680.4399999999999
b1c29,7,0.3,1.2,680.4399999999999,True,680.4399999999999
b1c29,7,0.3,1.5,680.4399999999999,True,680.4399999999999
b1c29,7,0.3,2.0,680.4399999999999,True,680.4399999999999
b1c29,11,0.1,1.2,680.4399999999999,True,680.4399999999999
b1c29,11,0.1,1.5,680.4399999999999,True,680.4399999999999
b1c29,11,0.1,2.0,680.4399999999999,True,680.4399999999999
b1c29,11,0.2,1.2,680.4399999999999,True,680.4399999999999
b1c29,11,0.2,1.5,680.4399999999999,True,680.4399999999999
b1c29,11,0.2,2.0,680.4399999999999,True,680.4399999999999
b1c29,11,0.3,1.2,680.4399999999999,True,680.4399999999999
b1c29,11,0.3,1.5,680.4399999999999,True,680.4399999999999
b1c29,11,0.3,2.0,680.4399999999999,True,680.4399999999999
b1c29,21,0.1,1.2,680.4399999999999,True,680.4399999999999
b1c29,21,0.1,1.5,680.4399999999999,True,680.4399999999999
b1c29,21,0.1,2.0,680.4399999999999,True,680.4399999999999
b1c29,21,0.2,1.2,680.4399999999999,True,680.4399999999999
b1c29,21,0.2,1.5,680.4399999999999,True,680.4399999999999
b1c29,21,0.2,2.0,680.4399999999999,True,680.4399999999999
b1c29,21,0.3,1.2,680.4399999999999,True,680.4399999999999
b1c29,21,0.3,1.5,680.4399999999999,True,680.4399999999999
b1c29,21,0.3,2.0,680.4399999999999,True,680.4399999999999
b1c30,7,0.1,1.2,554.44,True,554.44
b1c30,7,0.1,1.5,554.44,True,554.44
b1c30,7,0.1,2.0,554.44,True,554.44
b1c30,7,0.2,1.2,554.44,True,554.44
b1c30,7,0.2,1.5,554.44,True,554.44
b1c30,7,0.2,2.0,554.44,True,554.44
b1c30,7,0.3,1.2,554.44,True,554.44
b1c30,7,0.3,1.5,554.44,True,554.44
b1c30,7,0.3,2.0,554.44,True,554.44
b1c30,11,0.1,1.2,554.44,True,554.44
b1c30,11,0.1,1.5,554.44,True,554.44
b1c30,11,0.1,2.0,554.44,True,554.44
b1c30,11,0.2,1.2,554.44,True,554.44
b1c30,11,0.2,1.5,554.44,True,554.44
b1c30,11,0.2,2.0,554.44,True,554.44
b1c30,11,0.3,1.2,554.44,True,554.44
b1c30,11,0.3,1.5,554.44,True,554.44
b1c30,11,0.3,2.0,554.44,True,554.44
b1c30,21,0.1,1.2,554.44,True,554.44
b1c30,21,0.1,1.5,554.44,True,554.44
b1c30,21,0.1,2.0,554.44,True,554.44
b1c30,21,0.2,1.2,554.44,True,554.44
b1c30,21,0.2,1.5,554.44,True,554.44
b1c30,21,0.2,2.0,554.44,True,554.44
b1c30,21,0.3,1.2,554.44,True,554.44
b1c30,21,0.3,1.5,554.44,True,554.44
b1c30,21,0.3,2.0,554.44,True,554.44
b1c31,7,0.1,1.2,667.4,True,667.4
b1c31,7,0.1,1.5,667.4,True,667.4
b1c31,7,0.1,2.0,667.4,True,667.4
b1c31,7,0.2,1.2,667.4,True,667.4
b1c31,7,0.2,1.5,667.4,True,667.4
b1c31,7,0.2,2.0,667.4,True,667.4
b1c31,7,0.3,1.2,667.4,True,667.4
b1c31,7,0.3,1.5,667.4,True,667.4
b1c31,7,0.3,2.0,667.4,True,667.4
b1c31,11,0.1,1.2,667.4,True,667.4
b1c31,11,0.1,1.5,667.4,True,667.4
b1c31,11,0.1,2.0,667.4,True,667.4
b1c31,11,0.2,1.2,667.4,True,667.4
b1c31,11,0.2,1.5,667.4,True,667.4
b1c31,11,0.2,2.0,667.4,True,667.4
b1c31,11,0.3,1.2,667.4,True,667.4
b1c31,11,0.3,1.5,667.4,True,667.4
b1c31,11,0.3,2.0,667.4,True,667.4
b1c31,21,0.1,1.2,667.4,True,667.4
b1c31,21,0.1,1.5,667.4,True,667.4
b1c31,21,0.1,2.0,667.4,True,667.4
b1c31,21,0.2,1.2,667.4,True,667.4
b1c31,21,0.2,1.5,667.4,True,667.4
b1c31,21,0.2,2.0,667.4,True,667.4
b1c31,21,0.3,1.2,667.4,True,667.4
b1c31,21,0.3,1.5,667.4,True,667.4
b1c31,21,0.3,2.0,667.4,True,667.4
b1c32,7,0.1,1.2,542.8,True,542.8
b1c32,7,0.1,1.5,542.8,True,542.8
b1c32,7,0.1,2.0,542.8,True,542.8
b1c32,7,0.2,1.2,542.8,True,542.8
b1c32,7,0.2,1.5,542.8,True,542.8
b1c32,7,0.2,2.0,542.8,True,542.8
b1c32,7,0.3,1.2,542.8,True,542.8
b1c32,7,0.3,1.5,542.8,True,542.8
b1c32,7,0.3,2.0,542.8,True,542.8
b1c32,11,0.1,1.2,542.8,True,542.8
b1c32,11,0.1,1.5,542.8,True,542.8
b1c32,11,0.1,2.0,542.8,True,542.8
b1c32,11,0.2,1.2,542.8,True,542.8
b1c32,11,0.2,1.5,542.8,True,542.8
b1c32,11,0.2,2.0,542.8,True,542.8
b1c32,11,0.3,1.2,542.8,True,542.8
b1c32,11,0.3,1.5,542.8,True,542.8
b1c32,11,0.3,2.0,542.8,True,542.8
b1c32,21,0.1,1.2,542.8,True,542.8
b1c32,21,0.1,1.5,542.8,True,542.8
b1c32,21,0.1,2.0,542.8,True,542.8
b1c32,21,0.2,1.2,542.8,True,542.8
b1c32,21,0.2,1.5,542.8,True,542.8
b1c32,21,0.2,2.0,542.8,True,542.8
b1c32,21,0.3,1.2,542.8,True,542.8
b1c32,21,0.3,1.5,542.8,True,542.8
b1c32,21,0.3,2.0,542.8,True,542.8
b1c33,7,0.1,1.2,554.58,True,554.58
b1c33,7,0.1,1.5,554.58,True,554.58
b1c33,7,0.1,2.0,554.58,True,554.58
b1c33,7,0.2,1.2,554.58,True,554.58
b1c33,7,0.2,1.5,554.58,True,554.58
b1c33,7,0.2,2.0,554.58,True,554.58
b1c33,7,0.3,1.2,554.58,True,554.58
b1c33,7,0.3,1.5,554.58,True,554.58
b1c33,7,0.3,2.0,554.58,True,554.58
b1c33,11,0.1,1.2,554.58,True,554.58
b1c33,11,0.1,1.5,554.58,True,554.58
b1c33,11,0.1,2.0,554.58,True,554.58
b1c33,11,0.2,1.2,554.58,True,554.58
b1c33,11,0.2,1.5,554.58,True,554.58
b1c33,11,0.2,2.0,554.58,True,554.58
b1c33,11,0.3,1.2,554.58,True,554.58
b1c33,11,0.3,1.5,554.58,True,554.58
b1c33,11,0.3,2.0,554.58,True,554.58
b1c33,21,0.1,1.2,562.04,True,562.04
b1c33,21,0.1,1.5,562.04,True,562.04
b1c33,21,0.1,2.0,562.04,True,562.04
b1c33,21,0.2,1.2,562.04,True,562.04
b1c33,21,0.2,1.5,562.04,True,562.04
b1c33,21,0.2,2.0,562.04,True,562.04
b1c33,21,0.3,1.2,562.04,True,562.04
b1c33,21,0.3,1.5,562.04,True,562.04
b1c33,21,0.3,2.0,562.04,True,562.04
b1c34,7,0.1,1.2,580.1800000000001,True,580.1800000000001
b1c34,7,0.1,1.5,580.1800000000001,True,580.1800000000001
b1c34,7,0.1,2.0,580.1800000000001,True,580.1800000000001
b1c34,7,0.2,1.2,580.1800000000001,True,580.1800000000001
b1c34,7,0.2,1.5,580.1800000000001,True,580.1800000000001
b1c34,7,0.2,2.0,580.1800000000001,True,580.1800000000001
b1c34,7,0.3,1.2,580.1800000000001,True,580.1800000000001
b1c34,7,0.3,1.5,580.1800000000001,True,580.1800000000001
b1c34,7,0.3,2.0,580.1800000000001,True,580.1800000000001
b1c34,11,0.1,1.2,580.1800000000001,True,580.1800000000001
b1c34,11,0.1,1.5,580.1800000000001,True,580.1800000000001
b1c34,11,0.1,2.0,580.1800000000001,True,580.1800000000001
b1c34,11,0.2,1.2,580.1800000000001,True,580.1800000000001
b1c34,11,0.2,1.5,580.1800000000001,True,580.1800000000001
b1c34,11,0.2,2.0,580.1800000000001,True,580.1800000000001
b1c34,11,0.3,1.2,580.1800000000001,True,580.1800000000001
b1c34,11,0.3,1.5,580.1800000000001,True,580.1800000000001
b1c34,11,0.3,2.0,580.1800000000001,True,580.1800000000001
b1c34,21,0.1,1.2,580.1800000000001,True,580.1800000000001
b1c34,21,0.1,1.5,580.1800000000001,True,580.1800000000001
b1c34,21,0.1,2.0,580.1800000000001,True,580.1800000000001
b1c34,21,0.2,1.2,580.1800000000001,True,580.1800000000001
b1c34,21,0.2,1.5,580.1800000000001,True,580.1800000000001
b1c34,21,0.2,2.0,580.1800000000001,True,580.1800000000001
b1c34,21,0.3,1.2,580.1800000000001,True,580.1800000000001
b1c34,21,0.3,1.5,580.1800000000001,True,580.1800000000001
b1c34,21,0.3,2.0,580.1800000000001,True,580.1800000000001
b1c35,7,0.1,1.2,522.08,True,522.08
b1c35,7,0.1,1.5,522.08,True,522.08
b1c35,7,0.1,2.0,522.08,True,522.08
b1c35,7,0.2,1.2,522.08,True,522.08
b1c35,7,0.2,1.5,522.08,True,522.08
b1c35,7,0.2,2.0,522.08,True,522.08
b1c35,7,0.3,1.2,522.08,True,522.08
b1c35,7,0.3,1.5,522.08,True,522.08
b1c35,7,0.3,2.0,522.08,True,522.08
b1c35,11,0.1,1.2,522.08,True,522.08
b1c35,11,0.1,1.5,522.08,True,522.08
b1c35,11,0.1,2.0,522.08,True,522.08
b1c35,11,0.2,1.2,522.08,True,522.08
b1c35,11,0.2,1.5,522.08,True,522.08
b1c35,11,0.2,2.0,522.08,True,522.08
b1c35,11,0.3,1.2,522.08,True,522.08
b1c35,11,0.3,1.5,522.08,True,522.08
b1c35,11,0.3,2.0,522.08,True,522.08
b1c35,21,0.1,1.2,522.08,True,522.08
b1c35,21,0.1,1.5,522.08,True,522.08
b1c35,21,0.1,2.0,522.08,True,522.08
b1c35,21,0.2,1.2,522.08,True,522.08
b1c35,21,0.2,1.5,522.08,True,522.08
b1c35,21,0.2,2.0,522.08,True,522.08
b1c35,21,0.3,1.2,522.08,True,522.08
b1c35,21,0.3,1.5,522.08,True,522.08
b1c35,21,0.3,2.0,522.08,True,522.08
b1c36,7,0.1,1.2,522.82,True,522.82
b1c36,7,0.1,1.5,522.82,True,522.82
b1c36,7,0.1,2.0,522.82,True,522.82
b1c36,7,0.2,1.2,522.82,True,522.82
b1c36,7,0.2,1.5,522.82,True,522.82
b1c36,7,0.2,2.0,522.82,True,522.82
b1c36,7,0.3,1.2,522.82,True,522.82
b1c36,7,0.3,1.5,522.82,True,522.82
b1c36,7,0.3,2.0,522.82,True,522.82
b1c36,11,0.1,1.2,522.82,True,522.82
b1c36,11,0.1,1.5,522.82,True,522.82
b1c36,11,0.1,2.0,522.82,True,522.82
b1c36,11,0.2,1.2,522.82,True,522.82
b1c36,11,0.2,1.5,522.82,True,522.82
b1c36,11,0.2,2.0,522.82,True,522.82
b1c36,11,0.3,1.2,522.82,True,522.82
b1c36,11,0.3,1.5,522.82,True,522.82
b1c36,11,0.3,2.0,522.82,True,522.82
b1c36,21,0.1,1.2,522.82,True,522.82
b1c36,21,0.1,1.5,522.82,True,522.82
b1c36,21,0.1,2.0,522.82,True,522.82
b1c36,21,0.2,1.2,522.82,True,522.82
b1c36,21,0.2,1.5,522.82,True,522.82
b1c36,21,0.2,2.0,522.82,True,522.82
b1c36,21,0.3,1.2,522.82,True,522.82
b1c36,21,0.3,1.5,522.82,True,522.82
b1c36,21,0.3,2.0,522.82,True,522.82
b1c37,7,0.1,1.2,481.38,True,481.38
b1c37,7,0.1,1.5,481.38,True,481.38
b1c37,7,0.1,2.0,481.38,True,481.38
b1c37,7,0.2,1.2,481.38,True,481.38
b1c37,7,0.2,1.5,481.38,True,481.38
b1c37,7,0.2,2.0,481.38,True,481.38
b1c37,7,0.3,1.2,481.38,True,481.38
b1c37,7,0.3,1.5,481.38,True,481.38
b1c37,7,0.3,2.0,481.38,True,481.38
b1c37,11,0.1,1.2,481.38,True,481.38
b1c37,11,0.1,1.5,481.38,True,481.38
b1c37,11,0.1,2.0,481.38,True,481.38
b1c37,11,0.2,1.2,481.38,True,481.38
b1c37,11,0.2,1.5,481.38,True,481.38
b1c37,11,0.2,2.0,481.38,True,481.38
b1c37,11,0.3,1.2,481.38,True,481.38
b1c37,11,0.3,1.5,481.38,True,481.38
b1c37,11,0.3,2.0,481.38,True,481.38
b1c37,21,0.1,1.2,481.38,True,481.38
b1c37,21,0.1,1.5,481.38,True,481.38
b1c37,21,0.1,2.0,481.38,True,481.38
b1c37,21,0.2,1.2,481.38,True,481.38
b1c37,21,0.2,1.5,481.38,True,481.38
b1c37,21,0.2,2.0,481.38,True,481.38
b1c37,21,0.3,1.2,481.38,True,481.38
b1c37,21,0.3,1.5,481.38,True,481.38
b1c37,21,0.3,2.0,481.38,True,481.38
b1c38,7,0.1,1.2,470.56,True,470.56
b1c38,7,0.1,1.5,470.56,True,470.56
b1c38,7,0.1,2.0,470.56,True,470.56
b1c38,7,0.2,1.2,470.56,True,470.56
b1c38,7,0.2,1.5,470.56,True,470.56
b1c38,7,0.2,2.0,470.56,True,470.56
b1c38,7,0.3,1.2,470.56,True,470.56
b1c38,7,0.3,1.5,470.56,True,470.56
b1c38,7,0.3,2.0,470.56,True,470.56
b1c38,11,0.1,1.2,470.56,True,470.56
b1c38,11,0.1,1.5,470.56,True,470.56
b1c38,11,0.1,2.0,470.56,True,470.56
b1c38,11,0.2,1.2,470.56,True,470.56
b1c38,11,0.2,1.5,470.56,True,470.56
b1c38,11,0.2,2.0,470.56,True,470.56
b1c38,11,0.3,1.2,470.56,True,470.56
b1c38,11,0.3,1.5,470.56,True,470.56
b1c38,11,0.3,2.0,470.56,True,470.56
b1c38,21,0.1,1.2,470.56,True,470.56
b1c38,21,0.1,1.5,470.56,True,470.56
b1c38,21,0.1,2.0,470.56,True,470.56
b1c38,21,0.2,1.2,470.56,True,470.56
b1c38,21,0.2,1.5,470.56,True,470.56
b1c38,21,0.2,2.0,470.56,True,470.56
b1c38,21,0.3,1.2,470.56,True,470.56
b1c38,21,0.3,1.5,470.56,True,470.56
b1c38,21,0.3,2.0,470.56,True,470.56
b1c39,7,0.1,1.2,470.5,True,470.5
b1c39,7,0.1,1.5,470.5,True,470.5
b1c39,7,0.1,2.0,470.5,True,470.5
b1c39,7,0.2,1.2,470.5,True,470.5
b1c39,7,0.2,1.5,470.5,True,470.5
b1c39,7,0.2,2.0,470.5,True,470.5
b1c39,7,0.3,1.2,470.5,True,470.5
b1c39,7,0.3,1.5,470.5,True,470.5
b1c39,7,0.3,2.0,470.5,True,470.5
b1c39,11,0.1,1.2,470.5,True,470.5
b1c39,11,0.1,1.5,470.5,True,470.5
b1c39,11,0.1,2.0,470.5,True,470.5
b1c39,11,0.2,1.2,470.5,True,470.5
b1c39,11,0.2,1.5,470.5,True,470.5
b1c39,11,0.2,2.0,470.5,True,470.5
b1c39,11,0.3,1.2,470.5,True,470.5
b1c39,11,0.3,1.5,470.5,True,470.5
b1c39,11,0.3,2.0,470.5,True,470.5
b1c39,21,0.1,1.2,470.5,True,470.5
b1c39,21,0.1,1.5,470.5,True,470.5
b1c39,21,0.1,2.0,470.5,True,470.5
b1c39,21,0.2,1.2,470.5,True,470.5
b1c39,21,0.2,1.5,470.5,True,470.5
b1c39,21,0.2,2.0,470.5,True,470.5
b1c39,21,0.3,1.2,470.5,True,470.5
b1c39,21,0.3,1.5,470.5,True,470.5
b1c39,21,0.3,2.0,470.5,True,470.5
b1c40,7,0.1,1.2,688.0500000000001,True,688.0500000000001
b1c40,7,0.1,1.5,688.0500000000001,True,688.0500000000001
b1c40,7,0.1,2.0,688.0500000000001,True,688.0500000000001
b1c40,7,0.2,1.2,688.0500000000001,True,688.0500000000001
b1c40,7,0.2,1.5,688.0500000000001,True,688.0500000000001
b1c40,7,0.2,2.0,688.0500000000001,True,688.0500000000001
b1c40,7,0.3,1.2,688.0500000000001,True,688.0500000000001
b1c40,7,0.3,1.5,688.0500000000001,True,688.0500000000001
b1c40,7,0.3,2.0,688.0500000000001,True,688.0500000000001
b1c40,11,0.1,1.2,688.0500000000001,True,688.0500000000001
b1c40,11,0.1,1.5,688.0500000000001,True,688.0500000000001
b1c40,11,0.1,2.0,688.0500000000001,True,688.0500000000001
b1c40,11,0.2,1.2,688.0500000000001,True,688.0500000000001
b1c40,11,0.2,1.5,688.0500000000001,True,688.0500000000001
b1c40,11,0.2,2.0,688.0500000000001,True,688.0500000000001
b1c40,11,0.3,1.2,688.0500000000001,True,688.0500000000001
b1c40,11,0.3,1.5,688.0500000000001,True,688.0500000000001
b1c40,11,0.3,2.0,688.0500000000001,True,688.0500000000001
b1c40,21,0.1,1.2,688.0500000000001,True,688.0500000000001
b1c40,21,0.1,1.5,688.0500000000001,True,688.0500000000001
b1c40,21,0.1,2.0,688.0500000000001,True,688.0500000000001
b1c40,21,0.2,1.2,688.0500000000001,True,688.0500000000001
b1c40,21,0.2,1.5,688.0500000000001,True,688.0500000000001
b1c40,21,0.2,2.0,688.0500000000001,True,688.0500000000001
b1c40,21,0.3,1.2,688.0500000000001,True,688.0500000000001
b1c40,21,0.3,1.5,688.0500000000001,True,688.0500000000001
b1c40,21,0.3,2.0,688.0500000000001,True,688.0500000000001
b1c41,7,0.1,1.2,800.4,True,800.4
b1c41,7,0.1,1.5,800.4,True,800.4
b1c41,7,0.1,2.0,800.4,True,800.4
b1c41,7,0.2,1.2,800.4,True,800.4
b1c41,7,0.2,1.5,800.4,True,800.4
b1c41,7,0.2,2.0,800.4,True,800.4
b1c41,7,0.3,1.2,800.4,True,800.4
b1c41,7,0.3,1.5,800.4,True,800.4
b1c41,7,0.3,2.0,800.4,True,800.4
b1c41,11,0.1,1.2,800.4,True,800.4
b1c41,11,0.1,1.5,800.4,True,800.4
b1c41,11,0.1,2.0,800.4,True,800.4
b1c41,11,0.2,1.2,800.4,True,800.4
b1c41,11,0.2,1.5,800.4,True,800.4
b1c41,11,0.2,2.0,800.4,True,800.4
b1c41,11,0.3,1.2,800.4,True,800.4
b1c41,11,0.3,1.5,800.4,True,800.4
b1c41,11,0.3,2.0,800.4,True,800.4
b1c41,21,0.1,1.2,800.4,True,800.4
b1c41,21,0.1,1.5,800.4,True,800.4
b1c41,21,0.1,2.0,800.4,True,800.4
b1c41,21,0.2,1.2,800.4,True,800.4
b1c41,21,0.2,1.5,800.4,True,800.4
b1c41,21,0.2,2.0,800.4,True,800.4
b1c41,21,0.3,1.2,800.4,True,800.4
b1c41,21,0.3,1.5,800.4,True,800.4
b1c41,21,0.3,2.0,800.4,True,800.4
b1c42,7,0.1,1.2,493.70000000000005,True,493.70000000000005
b1c42,7,0.1,1.5,493.70000000000005,True,493.70000000000005
b1c42,7,0.1,2.0,493.70000000000005,True,493.70000000000005
b1c42,7,0.2,1.2,493.70000000000005,True,493.70000000000005
b1c42,7,0.2,1.5,493.70000000000005,True,493.70000000000005
b1c42,7,0.2,2.0,493.70000000000005,True,493.70000000000005
b1c42,7,0.3,1.2,493.70000000000005,True,493.70000000000005
b1c42,7,0.3,1.5,493.70000000000005,True,493.70000000000005
b1c42,7,0.3,2.0,493.70000000000005,True,493.70000000000005
b1c42,11,0.1,1.2,493.70000000000005,True,493.70000000000005
b1c42,11,0.1,1.5,493.70000000000005,True,493.70000000000005
b1c42,11,0.1,2.0,493.70000000000005,True,493.70000000000005
b1c42,11,0.2,1.2,493.70000000000005,True,493.70000000000005
b1c42,11,0.2,1.5,493.70000000000005,True,493.70000000000005
b1c42,11,0.2,2.0,493.70000000000005,True,493.70000000000005
b1c42,11,0.3,1.2,493.70000000000005,True,493.70000000000005
b1c42,11,0.3,1.5,493.70000000000005,True,493.70000000000005
b1c42,11,0.3,2.0,493.70000000000005,True,493.70000000000005
b1c42,21,0.1,1.2,493.70000000000005,True,493.70000000000005
b1c42,21,0.1,1.5,493.70000000000005,True,493.70000000000005
b1c42,21,0.1,2.0,493.70000000000005,True,493.70000000000005
b1c42,21,0.2,1.2,493.70000000000005,True,493.70000000000005
b1c42,21,0.2,1.5,493.70000000000005,True,493.70000000000005
b1c42,21,0.2,2.0,493.70000000000005,True,493.70000000000005
b1c42,21,0.3,1.2,493.70000000000005,True,493.70000000000005
b1c42,21,0.3,1.5,493.70000000000005,True,493.70000000000005
b1c42,21,0.3,2.0,493.70000000000005,True,493.70000000000005
b1c43,7,0.1,1.2,490.0,True,490.0
b1c43,7,0.1,1.5,490.0,True,490.0
b1c43,7,0.1,2.0,490.0,True,490.0
b1c43,7,0.2,1.2,490.0,True,490.0
b1c43,7,0.2,1.5,490.0,True,490.0
b1c43,7,0.2,2.0,490.0,True,490.0
b1c43,7,0.3,1.2,490.0,True,490.0
b1c43,7,0.3,1.5,490.0,True,490.0
b1c43,7,0.3,2.0,490.0,True,490.0
b1c43,11,0.1,1.2,490.0,True,490.0
b1c43,11,0.1,1.5,490.0,True,490.0
b1c43,11,0.1,2.0,490.0,True,490.0
b1c43,11,0.2,1.2,490.0,True,490.0
b1c43,11,0.2,1.5,490.0,True,490.0
b1c43,11,0.2,2.0,490.0,True,490.0
b1c43,11,0.3,1.2,490.0,True,490.0
b1c43,11,0.3,1.5,490.0,True,490.0
b1c43,11,0.3,2.0,490.0,True,490.0
b1c43,21,0.1,1.2,490.0,True,490.0
b1c43,21,0.1,1.5,490.0,True,490.0
b1c43,21,0.1,2.0,490.0,True,490.0
b1c43,21,0.2,1.2,490.0,True,490.0
b1c43,21,0.2,1.5,490.0,True,490.0
b1c43,21,0.2,2.0,490.0,True,490.0
b1c43,21,0.3,1.2,490.0,True,490.0
b1c43,21,0.3,1.5,490.0,True,490.0
b1c43,21,0.3,2.0,490.0,True,490.0
b1c44,7,0.1,1.2,427.45000000000005,True,427.45000000000005
b1c44,7,0.1,1.5,427.45000000000005,True,427.45000000000005
b1c44,7,0.1,2.0,427.45000000000005,True,427.45000000000005
b1c44,7,0.2,1.2,427.45000000000005,True,427.45000000000005
b1c44,7,0.2,1.5,427.45000000000005,True,427.45000000000005
b1c44,7,0.2,2.0,427.45000000000005,True,427.45000000000005
b1c44,7,0.3,1.2,427.45000000000005,True,427.45000000000005
b1c44,7,0.3,1.5,427.45000000000005,True,427.45000000000005
b1c44,7,0.3,2.0,427.45000000000005,True,427.45000000000005
b1c44,11,0.1,1.2,427.45000000000005,True,427.45000000000005
b1c44,11,0.1,1.5,427.45000000000005,True,427.45000000000005
b1c44,11,0.1,2.0,427.45000000000005,True,427.45000000000005
b1c44,11,0.2,1.2,427.45000000000005,True,427.45000000000005
b1c44,11,0.2,1.5,427.45000000000005,True,427.45000000000005
b1c44,11,0.2,2.0,427.45000000000005,True,427.45000000000005
b1c44,11,0.3,1.2,427.45000000000005,True,427.45000000000005
b1c44,11,0.3,1.5,427.45000000000005,True,427.45000000000005
b1c44,11,0.3,2.0,427.45000000000005,True,427.45000000000005
b1c44,21,0.1,1.2,427.45000000000005,True,427.45000000000005
b1c44,21,0.1,1.5,427.45000000000005,True,427.45000000000005
b1c44,21,0.1,2.0,427.45000000000005,True,427.45000000000005
b1c44,21,0.2,1.2,427.45000000000005,True,427.45000000000005
b1c44,21,0.2,1.5,427.45000000000005,True,427.45000000000005
b1c44,21,0.2,2.0,427.45000000000005,True,427.45000000000005
b1c44,21,0.3,1.2,427.45000000000005,True,427.45000000000005
b1c44,21,0.3,1.5,427.45000000000005,True,427.45000000000005
b1c44,21,0.3,2.0,427.45000000000005,True,427.45000000000005
b1c45,7,0.1,1.2,427.48,True,427.48
b1c45,7,0.1,1.5,427.48,True,427.48
b1c45,7,0.1,2.0,427.48,True,427.48
b1c45,7,0.2,1.2,427.48,True,427.48
b1c45,7,0.2,1.5,427.48,True,427.48
b1c45,7,0.2,2.0,427.48,True,427.48
b1c45,7,0.3,1.2,427.48,True,427.48
b1c45,7,0.3,1.5,427.48,True,427.48
b1c45,7,0.3,2.0,427.48,True,427.48
b1c45,11,0.1,1.2,427.48,True,427.48
b1c45,11,0.1,1.5,427.48,True,427.48
b1c45,11,0.1,2.0,427.48,True,427.48
b1c45,11,0.2,1.2,427.48,True,427.48
b1c45,11,0.2,1.5,427.48,True,427.48
b1c45,11,0.2,2.0,427.48,True,427.48
b1c45,11,0.3,1.2,427.48,True,427.48
b1c45,11,0.3,1.5,427.48,True,427.48
b1c45,11,0.3,2.0,427.48,True,427.48
b1c45,21,0.1,1.2,427.48,True,427.48
b1c45,21,0.1,1.5,427.48,True,427.48
b1c45,21,0.1,2.0,427.48,True,427.48
b1c45,21,0.2,1.2,427.48,True,427.48
b1c45,21,0.2,1.5,427.48,True,427.48
b1c45,21,0.2,2.0,427.48,True,427.48
b1c45,21,0.3,1.2,427.48,True,427.48
b1c45,21,0.3,1.5,427.48,True,427.48
b1c45,21,0.3,2.0,427.48,True,427.48
b2c0,7,0.1,1.2,379.36,True,379.36
b2c0,7,0.1,1.5,379.36,True,379.36
b2c0,7,0.1,2.0,379.36,True,379.36
b2c0,7,0.2,1.2,379.36,True,379.36
b2c0,7,0.2,1.5,379.36,True,379.36
b2c0,7,0.2,2.0,379.36,True,379.36
b2c0,7,0.3,1.2,379.36,True,379.36
b2c0,7,0.3,1.5,379.36,True,379.36
b2c0,7,0.3,2.0,379.36,True,379.36
b2c0,11,0.1,1.2,379.36,True,379.36
b2c0,11,0.1,1.5,379.36,True,379.36
b2c0,11,0.1,2.0,379.36,True,379.36
b2c0,11,0.2,1.2,379.36,True,379.36
b2c0,11,0.2,1.5,379.36,True,379.36
b2c0,11,0.2,2.0,379.36,True,379.36
b2c0,11,0.3,1.2,379.36,True,379.36
b2c0,11,0.3,1.5,379.36,True,379.36
b2c0,11,0.3,2.0,379.36,True,379.36
b2c0,21,0.1,1.2,379.36,True,379.36
b2c0,21,0.1,1.5,379.36,True,379.36
b2c0,21,0.1,2.0,379.36,True,379.36
b2c0,21,0.2,1.2,379.36,True,379.36
b2c0,21,0.2,1.5,379.36,True,379.36
b2c0,21,0.2,2.0,379.36,True,379.36
b2c0,21,0.3,1.2,379.36,True,379.36
b2c0,21,0.3,1.5,379.36,True,379.36
b2c0,21,0.3,2.0,379.36,True,379.36
b2c1,7,0.1,1.2,382.21999999999997,True,382.21999999999997
b2c1,7,0.1,1.5,382.21999999999997,True,382.21999999999997
b2c1,7,0.1,2.0,382.21999999999997,True,382.21999999999997
b2c1,7,0.2,1.2,382.21999999999997,True,382.21999999999997
b2c1,7,0.2,1.5,382.21999999999997,True,382.21999999999997
b2c1,7,0.2,2.0,382.21999999999997,True,382.21999999999997
b2c1,7,0.3,1.2,382.21999999999997,True,382.21999999999997
b2c1,7,0.3,1.5,382.21999999999997,True,382.21999999999997
b2c1,7,0.3,2.0,382.21999999999997,True,382.21999999999997
b2c1,11,0.1,1.2,382.21999999999997,True,382.21999999999997
b2c1,11,0.1,1.5,382.21999999999997,True,382.21999999999997
b2c1,11,0.1,2.0,382.21999999999997,True,382.21999999999997
b2c1,11,0.2,1.2,382.21999999999997,True,382.21999999999997
b2c1,11,0.2,1.5,382.21999999999997,True,382.21999999999997
b2c1,11,0.2,2.0,382.21999999999997,True,382.21999999999997
b2c1,11,0.3,1.2,382.21999999999997,True,382.21999999999997
b2c1,11,0.3,1.5,382.21999999999997,True,382.21999999999997
b2c1,11,0.3,2.0,382.21999999999997,True,382.21999999999997
b2c1,21,0.1,1.2,382.21999999999997,True,382.21999999999997
b2c1,21,0.1,1.5,382.21999999999997,True,382.21999999999997
b2c1,21,0.1,2.0,382.21999999999997,True,382.21999999999997
b2c1,21,0.2,1.2,382.21999999999997,True,382.21999999999997
b2c1,21,0.2,1.5,382.21999999999997,True,382.21999999999997
b2c1,21,0.2,2.0,382.21999999999997,True,382.21999999999997
b2c1,21,0.3,1.2,382.21999999999997,True,382.21999999999997
b2c1,21,0.3,1.5,382.21999999999997,True,382.21999999999997
b2c1,21,0.3,2.0,382.21999999999997,True,382.21999999999997
b2c2,7,0.1,1.2,357.49,True,357.49
b2c2,7,0.1,1.5,357.49,True,357.49
b2c2,7,0.1,2.0,357.49,True,357.49
b2c2,7,0.2,1.2,357.49,True,357.49
b2c2,7,0.2,1.5,357.49,True,357.49
b2c2,7,0.2,2.0,357.49,True,357.49
b2c2,7,0.3,1.2,357.49,True,357.49
b2c2,7,0.3,1.5,357.49,True,357.49
b2c2,7,0.3,2.0,357.49,True,357.49
b2c2,11,0.1,1.2,357.49,True,357.49
b2c2,11,0.1,1.5,357.49,True,357.49
b2c2,11,0.1,2.0,357.49,True,357.49
b2c2,11,0.2,1.2,357.49,True,357.49
b2c2,11,0.2,1.5,357.49,True,357.49
b2c2,11,0.2,2.0,357.49,True,357.49
b2c2,11,0.3,1.2,357.49,True,357.49
b2c2,11,0.3,1.5,357.49,True,357.49
b2c2,11,0.3,2.0,357.49,True,357.49
b2c2,21,0.1,1.2,357.49,True,357.49
b2c2,21,0.1,1.5,357.49,True,357.49
b2c2,21,0.1,2.0,357.49,True,357.49
b2c2,21,0.2,1.2,357.49,True,357.49
b2c2,21,0.2,1.5,357.49,True,357.49
b2c2,21,0.2,2.0,357.49,True,357.49
b2c2,21,0.3,1.2,357.49,True,357.49
b2c2,21,0.3,1.5,357.49,True,357.49
b2c2,21,0.3,2.0,357.49,True,357.49
b2c3,7,0.1,1.2,395.32,True,395.32
b2c3,7,0.1,1.5,395.32,True,395.32
b2c3,7,0.1,2.0,395.32,True,395.32
b2c3,7,0.2,1.2,395.32,True,395.32
b2c3,7,0.2,1.5,395.32,True,395.32
b2c3,7,0.2,2.0,395.32,True,395.32
b2c3,7,0.3,1.2,395.32,True,395.32
b2c3,7,0.3,1.5,395.32,True,395.32
b2c3,7,0.3,2.0,395.32,True,395.32
b2c3,11,0.1,1.2,395.32,True,395.32
b2c3,11,0.1,1.5,395.32,True,395.32
b2c3,11,0.1,2.0,395.32,True,395.32
b2c3,11,0.2,1.2,395.32,True,395.32
b2c3,11,0.2,1.5,395.32,True,395.32
b2c3,11,0.2,2.0,395.32,True,395.32
b2c3,11,0.3,1.2,395.32,True,395.32
b2c3,11,0.3,1.5,395.32,True,395.32
b2c3,11,0.3,2.0,395.32,True,395.32
b2c3,21,0.1,1.2,395.32,True,395.32
b2c3,21,0.1,1.5,395.32,True,395.32
b2c3,21,0.1,2.0,395.32,True,395.32
b2c3,21,0.2,1.2,395.32,True,395.32
b2c3,21,0.2,1.5,395.32,True,395.32
b2c3,21,0.2,2.0,395.32,True,395.32
b2c3,21,0.3,1.2,395.32,True,395.32
b2c3,21,0.3,1.5,395.32,True,395.32
b2c3,21,0.3,2.0,395.32,True,395.32
b2c4,7,0.1,1.2,341.42,True,341.42
b2c4,7,0.1,1.5,341.42,True,341.42
b2c4,7,0.1,2.0,341.42,True,341.42
b2c4,7,0.2,1.2,341.42,True,341.42
b2c4,7,0.2,1.5,341.42,True,341.42
b2c4,7,0.2,2.0,341.42,True,341.42
b2c4,7,0.3,1.2,341.42,True,341.42
b2c4,7,0.3,1.5,341.42,True,341.42
b2c4,7,0.3,2.0,341.42,True,341.42
b2c4,11,0.1,1.2,341.42,True,341.42
b2c4,11,0.1,1.5,341.42,True,341.42
b2c4,11,0.1,2.0,341.42,True,341.42
b2c4,11,0.2,1.2,341.42,True,341.42
b2c4,11,0.2,1.5,341.42,True,341.42
b2c4,11,0.2,2.0,341.42,True,341.42
b2c4,11,0.3,1.2,341.42,True,341.42
b2c4,11,0.3,1.5,341.42,True,341.42
b2c4,11,0.3,2.0,341.42,True,341.42
b2c4,21,0.1,1.2,341.42,True,341.42
b2c4,21,0.1,1.5,341.42,True,341.42
b2c4,21,0.1,2.0,341.42,True,341.42
b2c4,21,0.2,1.2,341.42,True,341.42
b2c4,21,0.2,1.5,341.42,True,341.42
b2c4,21,0.2,2.0,341.42,True,341.42
b2c4,21,0.3,1.2,341.42,True,341.42
b2c4,21,0.3,1.5,341.42,True,341.42
b2c4,21,0.3,2.0,341.42,True,341.42
b2c5,7,0.1,1.2,297.1,True,297.1
b2c5,7,0.1,1.5,297.1,True,297.1
b2c5,7,0.1,2.0,297.1,True,297.1
b2c5,7,0.2,1.2,297.1,True,297.1
b2c5,7,0.2,1.5,297.1,True,297.1
b2c5,7,0.2,2.0,297.1,True,297.1
b2c5,7,0.3,1.2,297.1,True,297.1
b2c5,7,0.3,1.5,297.1,True,297.1
b2c5,7,0.3,2.0,297.1,True,297.1
b2c5,11,0.1,1.2,297.1,True,297.1
b2c5,11,0.1,1.5,297.1,True,297.1
b2c5,11,0.1,2.0,297.1,True,297.1
b2c5,11,0.2,1.2,297.1,True,297.1
b2c5,11,0.2,1.5,297.1,True,297.1
b2c5,11,0.2,2.0,297.1,True,297.1
b2c5,11,0.3,1.2,297.1,True,297.1
b2c5,11,0.3,1.5,297.1,True,297.1
b2c5,11,0.3,2.0,297.1,True,297.1
b2c5,21,0.1,1.2,297.1,True,297.1
b2c5,21,0.1,1.5,297.1,True,297.1
b2c5,21,0.1,2.0,297.1,True,297.1
b2c5,21,0.2,1.2,297.1,True,297.1
b2c5,21,0.2,1.5,297.1,True,297.1
b2c5,21,0.2,2.0,297.1,True,297.1
b2c5,21,0.3,1.2,297.1,True,297.1
b2c5,21,0.3,1.5,297.1,True,297.1
b2c5,21,0.3,2.0,297.1,True,297.1
b2c6,7,0.1,1.2,289.3,True,289.3
b2c6,7,0.1,1.5,289.3,True,289.3
b2c6,7,0.1,2.0,289.3,True,289.3
b2c6,7,0.2,1.2,289.3,True,289.3
b2c6,7,0.2,1.5,289.3,True,289.3
b2c6,7,0.2,2.0,289.3,True,289.3
b2c6,7,0.3,1.2,289.3,True,289.3
b2c6,7,0.3,1.5,289.3,True,289.3
b2c6,7,0.3,2.0,289.3,True,289.3
b2c6,11,0.1,1.2,289.3,True,289.3
b2c6,11,0.1,1.5,289.3,True,289.3
b2c6,11,0.1,2.0,289.3,True,289.3
b2c6,11,0.2,1.2,289.3,True,289.3
b2c6,11,0.2,1.5,289.3,True,289.3
b2c6,11,0.2,2.0,289.3,True,289.3
b2c6,11,0.3,1.2,289.3,True,289.3
b2c6,11,0.3,1.5,289.3,True,289.3
b2c6,11,0.3,2.0,289.3,True,289.3
b2c6,21,0.1,1.2,289.3,True,289.3
b2c6,21,0.1,1.5,289.3,True,289.3
b2c6,21,0.1,2.0,289.3,True,289.3
b2c6,21,0.2,1.2,289.3,True,289.3
b2c6,21,0.2,1.5,289.3,True,289.3
b2c6,21,0.2,2.0,289.3,True,289.3
b2c6,21,0.3,1.2,289.3,True,289.3
b2c6,21,0.3,1.5,289.3,True,289.3
b2c6,21,0.3,2.0,289.3,True,289.3
b2c7,7,0.1,1.2,622.92,True,622.92
b2c7,7,0.1,1.5,622.92,True,622.92
b2c7,7,0.1,2.0,622.92,True,622.92
b2c7,7,0.2,1.2,622.92,True,622.92
b2c7,7,0.2,1.5,622.92,True,622.92
b2c7,7,0.2,2.0,622.92,True,622.92
b2c7,7,0.3,1.2,622.92,True,622.92
b2c7,7,0.3,1.5,622.92,True,622.92
b2c7,7,0.3,2.0,622.92,True,622.92
b2c7,11,0.1,1.2,622.92,True,622.92
b2c7,11,0.1,1.5,622.92,True,622.92
b2c7,11,0.1,2.0,622.92,True,622.92
b2c7,11,0.2,1.2,622.92,True,622.92
b2c7,11,0.2,1.5,622.92,True,622.92
b2c7,11,0.2,2.0,622.92,True,622.92
b2c7,11,0.3,1.2,622.92,True,622.92
b2c7,11,0.3,1.5,622.92,True,622.92
b2c7,11,0.3,2.0,622.92,True,622.92
b2c7,21,0.1,1.2,622.92,True,622.92
b2c7,21,0.1,1.5,622.92,True,622.92
b2c7,21,0.1,2.0,622.92,True,622.92
b2c7,21,0.2,1.2,622.92,True,622.92
b2c7,21,0.2,1.5,622.92,True,622.92
b2c7,21,0.2,2.0,622.92,True,622.92
b2c7,21,0.3,1.2,622.92,True,622.92
b2c7,21,0.3,1.5,622.92,True,622.92
b2c7,21,0.3,2.0,622.92,True,622.92
b2c8,7,0.1,1.2,712.75,True,712.75
b2c8,7,0.1,1.5,712.75,True,712.75
b2c8,7,0.1,2.0,712.75,True,712.75
b2c8,7,0.2,1.2,712.75,True,712.75
b2c8,7,0.2,1.5,712.75,True,712.75
b2c8,7,0.2,2.0,712.75,True,712.75
b2c8,7,0.3,1.2,712.75,True,712.75
b2c8,7,0.3,1.5,712.75,True,712.75
b2c8,7,0.3,2.0,712.75,True,712.75
b2c8,11,0.1,1.2,712.75,True,712.75
b2c8,11,0.1,1.5,712.75,True,712.75
b2c8,11,0.1,2.0,712.75,True,712.75
b2c8,11,0.2,1.2,712.75,True,712.75
b2c8,11,0.2,1.5,712.75,True,712.75
b2c8,11,0.2,2.0,712.75,True,712.75
b2c8,11,0.3,1.2,712.75,True,712.75
b2c8,11,0.3,1.5,712.75,True,712.75
b2c8,11,0.3,2.0,712.75,True,712.75
b2c8,21,0.1,1.2,712.75,True,712.75
b2c8,21,0.1,1.5,712.75,True,712.75
b2c8,21,0.1,2.0,712.75,True,712.75
b2c8,21,0.2,1.2,712.75,True,712.75
b2c8,21,0.2,1.5,712.75,True,712.75
b2c8,21,0.2,2.0,712.75,True,712.75
b2c8,21,0.3,1.2,712.75,True,712.75
b2c8,21,0.3,1.5,712.75,True,712.75
b2c8,21,0.3,2.0,712.75,True,712.75
b2c9,7,0.1,1.2,641.02,True,641.02
b2c9,7,0.1,1.5,641.02,True,641.02
b2c9,7,0.1,2.0,641.02,True,641.02
b2c9,7,0.2,1.2,641.02,True,641.02
b2c9,7,0.2,1.5,641.02,True,641.02
b2c9,7,0.2,2.0,641.02,True,641.02
b2c9,7,0.3,1.2,641.02,True,641.02
b2c9,7,0.3,1.5,641.02,True,641.02
b2c9,7,0.3,2.0,641.02,True,641.02
b2c9,11,0.1,1.2,641.02,True,641.02
b2c9,11,0.1,1.5,641.02,True,641.02
b2c9,11,0.1,2.0,641.02,True,641.02
b2c9,11,0.2,1.2,641.02,True,641.02
b2c9,11,0.2,1.5,641.02,True,641.02
b2c9,11,0.2,2.0,641.02,True,641.02
b2c9,11,0.3,1.2,641.02,True,641.02
b2c9,11,0.3,1.5,641.02,True,641.02
b2c9,11,0.3,2.0,641.02,True,641.02
b2c9,21,0.1,1.2,641.02,True,641.02
b2c9,21,0.1,1.5,641.02,True,641.02
b2c9,21,0.1,2.0,641.02,True,641.02
b2c9,21,0.2,1.2,641.02,True,641.02
b2c9,21,0.2,1.5,641.02,True,641.02
b2c9,21,0.2,2.0,641.02,True,641.02
b2c9,21,0.3,1.2,641.02,True,641.02
b2c9,21,0.3,1.5,641.02,True,641.02
b2c9,21,0.3,2.0,641.02,True,641.02
b2c10,7,0.1,1.2,361.21000000000004,True,361.21000000000004
b2c10,7,0.1,1.5,361.21000000000004,True,361.21000000000004
b2c10,7,0.1,2.0,361.21000000000004,True,361.21000000000004
b2c10,7,0.2,1.2,361.21000000000004,True,361.21000000000004
b2c10,7,0.2,1.5,361.21000000000004,True,361.21000000000004
b2c10,7,0.2,2.0,361.21000000000004,True,361.21000000000004
b2c10,7,0.3,1.2,361.21000000000004,True,361.21000000000004
b2c10,7,0.3,1.5,361.21000000000004,True,361.21000000000004
b2c10,7,0.3,2.0,361.21000000000004,True,361.21000000000004
b2c10,11,0.1,1.2,361.21000000000004,True,361.21000000000004
b2c10,11,0.1,1.5,361.21000000000004,True,361.21000000000004
b2c10,11,0.1,2.0,361.21000000000004,True,361.21000000000004
b2c10,11,0.2,1.2,361.21000000000004,True,361.21000000000004
b2c10,11,0.2,1.5,361.21000000000004,True,361.21000000000004
b2c10,11,0.2,2.0,361.21000000000004,True,361.21000000000004
b2c10,11,0.3,1.2,361.21000000000004,True,361.21000000000004
b2c10,11,0.3,1.5,361.21000000000004,True,361.21000000000004
b2c10,11,0.3,2.0,361.21000000000004,True,361.21000000000004
b2c10,21,0.1,1.2,361.21000000000004,True,361.21000000000004
b2c10,21,0.1,1.5,361.21000000000004,True,361.21000000000004
b2c10,21,0.1,2.0,361.21000000000004,True,361.21000000000004
b2c10,21,0.2,1.2,361.21000000000004,True,361.21000000000004
b2c10,21,0.2,1.5,361.21000000000004,True,361.21000000000004
b2c10,21,0.2,2.0,361.21000000000004,True,361.21000000000004
b2c10,21,0.3,1.2,361.21000000000004,True,361.21000000000004
b2c10,21,0.3,1.5,361.21000000000004,True,361.21000000000004
b2c10,21,0.3,2.0,361.21000000000004,True,361.21000000000004
b2c11,7,0.1,1.2,348.92,True,348.92
b2c11,7,0.1,1.5,348.92,True,348.92
b2c11,7,0.1,2.0,348.92,True,348.92
b2c11,7,0.2,1.2,348.92,True,348.92
b2c11,7,0.2,1.5,348.92,True,348.92
b2c11,7,0.2,2.0,348.92,True,348.92
b2c11,7,0.3,1.2,348.92,True,348.92
b2c11,7,0.3,1.5,348.92,True,348.92
b2c11,7,0.3,2.0,348.92,True,348.92
b2c11,11,0.1,1.2,348.92,True,348.92
b2c11,11,0.1,1.5,348.92,True,348.92
b2c11,11,0.1,2.0,348.92,True,348.92
b2c11,11,0.2,1.2,348.92,True,348.92
b2c11,11,0.2,1.5,348.92,True,348.92
b2c11,11,0.2,2.0,348.92,True,348.92
b2c11,11,0.3,1.2,348.92,True,348.92
b2c11,11,0.3,1.5,348.92,True,348.92
b2c11,11,0.3,2.0,348.92,True,348.92
b2c11,21,0.1,1.2,348.92,True,348.92
b2c11,21,0.1,1.5,348.92,True,348.92
b2c11,21,0.1,2.0,348.92,True,348.92
b2c11,21,0.2,1.2,348.92,True,348.92
b2c11,21,0.2,1.5,348.92,True,348.92
b2c11,21,0.2,2.0,348.92,True,348.92
b2c11,21,0.3,1.2,348.92,True,348.92
b2c11,21,0.3,1.5,348.92,True,348.92
b2c11,21,0.3,2.0,348.92,True,348.92
b2c12,7,0.1,1.2,333.61,True,333.61
b2c12,7,0.1,1.5,333.61,True,333.61
b2c12,7,0.1,2.0,333.61,True,333.61
b2c12,7,0.2,1.2,333.61,True,333.61
b2c12,7,0.2,1.5,333.61,True,333.61
b2c12,7,0.2,2.0,333.61,True,333.61
b2c12,7,0.3,1.2,333.61,True,333.61
b2c12,7,0.3,1.5,333.61,True,333.61
b2c12,7,0.3,2.0,333.61,True,333.61
b2c12,11,0.1,1.2,333.61,True,333.61
b2c12,11,0.1,1.5,333.61,True,333.61
b2c12,11,0.1,2.0,333.61,True,333.61
b2c12,11,0.2,1.2,333.61,True,333.61
b2c12,11,0.2,1.5,333.61,True,333.61
b2c12,11,0.2,2.0,333.61,True,333.61
b2c12,11,0.3,1.2,333.61,True,333.61
b2c12,11,0.3,1.5,333.61,True,333.61
b2c12,11,0.3,2.0,333.61,True,333.61
b2c12,21,0.1,1.2,333.61,True,333.61
b2c12,21,0.1,1.5,333.61,True,333.61
b2c12,21,0.1,2.0,333.61,True,333.61
b2c12,21,0.2,1.2,333.61,True,333.61
b2c12,21,0.2,1.5,333.61,True,333.61
b2c12,21,0.2,2.0,333.61,True,333.61
b2c12,21,0.3,1.2,333.61,True,333.61
b2c12,21,0.3,1.5,333.61,True,333.61
b2c12,21,0.3,2.0,333.61,True,333.61
b2c13,7,0.1,1.2,350.56000000000006,True,350.56000000000006
b2c13,7,0.1,1.5,350.56000000000006,True,350.56000000000006
b2c13,7,0.1,2.0,350.56000000000006,True,350.56000000000006
b2c13,7,0.2,1.2,350.56000000000006,True,350.56000000000006
b2c13,7,0.2,1.5,350.56000000000006,True,350.56000000000006
b2c13,7,0.2,2.0,350.56000000000006,True,350.56000000000006
b2c13,7,0.3,1.2,350.56000000000006,True,350.56000000000006
b2c13,7,0.3,1.5,350.56000000000006,True,350.56000000000006
b2c13,7,0.3,2.0,350.56000000000006,True,350.56000000000006
b2c13,11,0.1,1.2,350.56000000000006,True,350.56000000000006
b2c13,11,0.1,1.5,350.56000000000006,True,350.56000000000006
b2c13,11,0.1,2.0,350.56000000000006,True,350.56000000000006
b2c13,11,0.2,1.2,350.56000000000006,True,350.56000000000006
b2c13,11,0.2,1.5,350.56000000000006,True,350.56000000000006
b2c13,11,0.2,2.0,350.56000000000006,True,350.56000000000006
b2c13,11,0.3,1.2,350.56000000000006,True,350.56000000000006
b2c13,11,0.3,1.5,350.56000000000006,True,350.56000000000006
b2c13,11,0.3,2.0,350.56000000000006,True,350.56000000000006
b2c13,21,0.1,1.2,350.56000000000006,True,350.56000000000006
b2c13,21,0.1,1.5,350.56000000000006,True,350.56000000000006
b2c13,21,0.1,2.0,350.56000000000006,True,350.56000000000006
b2c13,21,0.2,1.2,350.56000000000006,True,350.56000000000006
b2c13,21,0.2,1.5,350.56000000000006,True,350.56000000000006
b2c13,21,0.2,2.0,350.56000000000006,True,350.56000000000006
b2c13,21,0.3,1.2,350.56000000000006,True,350.56000000000006
b2c13,21,0.3,1.5,350.56000000000006,True,350.56000000000006
b2c13,21,0.3,2.0,350.56000000000006,True,350.56000000000006
b2c14,7,0.1,1.2,334.72,True,334.72
b2c14,7,0.1,1.5,334.72,True,334.72
b2c14,7,0.1,2.0,334.72,True,334.72
b2c14,7,0.2,1.2,334.72,True,334.72
b2c14,7,0.2,1.5,334.72,True,334.72
b2c14,7,0.2,2.0,334.72,True,334.72
b2c14,7,0.3,1.2,334.72,True,334.72
b2c14,7,0.3,1.5,334.72,True,334.72
b2c14,7,0.3,2.0,334.72,True,334.72
b2c14,11,0.1,1.2,334.72,True,334.72
b2c14,11,0.1,1.5,334.72,True,334.72
b2c14,11,0.1,2.0,334.72,True,334.72
b2c14,11,0.2,1.2,334.72,True,334.72
b2c14,11,0.2,1.5,334.72,True,334.72
b2c14,11,0.2,2.0,334.72,True,334.72
b2c14,11,0.3,1.2,334.72,True,334.72
b2c14,11,0.3,1.5,334.72,True,334.72
b2c14,11,0.3,2.0,334.72,True,334.72
b2c14,21,0.1,1.2,334.72,True,334.72
b2c14,21,0.1,1.5,334.72,True,334.72
b2c14,21,0.1,2.0,334.72,True,334.72
b2c14,21,0.2,1.2,334.72,True,334.72
b2c14,21,0.2,1.5,334.72,True,334.72
b2c14,21,0.2,2.0,334.72,True,334.72
b2c14,21,0.3,1.2,334.72,True,334.72
b2c14,21,0.3,1.5,334.72,True,334.72
b2c14,21,0.3,2.0,334.72,True,334.72
b2c15,7,0.1,1.2,304.92,True,304.92
b2c15,7,0.1,1.5,304.92,True,304.92
b2c15,7,0.1,2.0,304.92,True,304.92
b2c15,7,0.2,1.2,304.92,True,304.92
b2c15,7,0.2,1.5,304.92,True,304.92
b2c15,7,0.2,2.0,304.92,True,304.92
b2c15,7,0.3,1.2,304.92,True,304.92
b2c15,7,0.3,1.5,304.92,True,304.92
b2c15,7,0.3,2.0,304.92,True,304.92
b2c15,11,0.1,1.2,304.92,True,304.92
b2c15,11,0.1,1.5,304.92,True,304.92
b2c15,11,0.1,2.0,304.92,True,304.92
b2c15,11,0.2,1.2,304.92,True,304.92
b2c15,11,0.2,1.5,304.92,True,304.92
b2c15,11,0.2,2.0,304.92,True,304.92
b2c15,11,0.3,1.2,304.92,True,304.92
b2c15,11,0.3,1.5,304.92,True,304.92
b2c15,11,0.3,2.0,304.92,True,304.92
b2c15,21,0.1,1.2,304.92,True,304.92
b2c15,21,0.1,1.5,304.92,True,304.92
b2c15,21,0.1,2.0,304.92,True,304.92
b2c15,21,0.2,1.2,304.92,True,304.92
b2c15,21,0.2,1.5,304.92,True,304.92
b2c15,21,0.2,2.0,304.92,True,304.92
b2c15,21,0.3,1.2,304.92,True,304.92
b2c15,21,0.3,1.5,304.92,True,304.92
b2c15,21,0.3,2.0,304.92,True,304.92
b2c16,7,0.1,1.2,362.08000000000004,True,362.08000000000004
b2c16,7,0.1,1.5,362.08000000000004,True,362.08000000000004
b2c16,7,0.1,2.0,362.08000000000004,True,362.08000000000004
b2c16,7,0.2,1.2,362.08000000000004,True,362.08000000000004
b2c16,7,0.2,1.5,362.08000000000004,True,362.08000000000004
b2c16,7,0.2,2.0,362.08000000000004,True,362.08000000000004
b2c16,7,0.3,1.2,362.08000000000004,True,362.08000000000004
b2c16,7,0.3,1.5,362.08000000000004,True,362.08000000000004
b2c16,7,0.3,2.0,362.08000000000004,True,362.08000000000004
b2c16,11,0.1,1.2,362.08000000000004,True,362.08000000000004
b2c16,11,0.1,1.5,362.08000000000004,True,362.08000000000004
b2c16,11,0.1,2.0,362.08000000000004,True,362.08000000000004
b2c16,11,0.2,1.2,362.08000000000004,True,362.08000000000004
b2c16,11,0.2,1.5,362.08000000000004,True,362.08000000000004
b2c16,11,0.2,2.0,362.08000000000004,True,362.08000000000004
b2c16,11,0.3,1.2,362.08000000000004,True,362.08000000000004
b2c16,11,0.3,1.5,362.08000000000004,True,362.08000000000004
b2c16,11,0.3,2.0,362.08000000000004,True,362.08000000000004
b2c16,21,0.1,1.2,362.08000000000004,True,362.08000000000004
b2c16,21,0.1,1.5,362.08000000000004,True,362.08000000000004
b2c16,21,0.1,2.0,362.08000000000004,True,362.08000000000004
b2c16,21,0.2,1.2,362.08000000000004,True,362.08000000000004
b2c16,21,0.2,1.5,362.08000000000004,True,362.08000000000004
b2c16,21,0.2,2.0,362.08000000000004,True,362.08000000000004
b2c16,21,0.3,1.2,362.08000000000004,True,362.08000000000004
b2c16,21,0.3,1.5,362.08000000000004,True,362.08000000000004
b2c16,21,0.3,2.0,362.08000000000004,True,362.08000000000004
b2c17,7,0.1,1.2,348.8,True,348.8
b2c17,7,0.1,1.5,348.8,True,348.8
b2c17,7,0.1,2.0,348.8,True,348.8
b2c17,7,0.2,1.2,348.8,True,348.8
b2c17,7,0.2,1.5,348.8,True,348.8
b2c17,7,0.2,2.0,348.8,True,348.8
b2c17,7,0.3,1.2,348.8,True,348.8
b2c17,7,0.3,1.5,348.8,True,348.8
b2c17,7,0.3,2.0,348.8,True,348.8
b2c17,11,0.1,1.2,348.8,True,348.8
b2c17,11,0.1,1.5,348.8,True,348.8
b2c17,11,0.1,2.0,348.8,True,348.8
b2c17,11,0.2,1.2,348.8,True,348.8
b2c17,11,0.2,1.5,348.8,True,348.8
b2c17,11,0.2,2.0,348.8,True,348.8
b2c17,11,0.3,1.2,348.8,True,348.8
b2c17,11,0.3,1.5,348.8,True,348.8
b2c17,11,0.3,2.0,348.8,True,348.8
b2c17,21,0.1,1.2,348.8,True,348.8
b2c17,21,0.1,1.5,348.8,True,348.8
b2c17,21,0.1,2.0,348.8,True,348.8
b2c17,21,0.2,1.2,348.8,True,348.8
b2c17,21,0.2,1.5,348.8,True,348.8
b2c17,21,0.2,2.0,348.8,True,348.8
b2c17,21,0.3,1.2,348.8,True,348.8
b2c17,21,0.3,1.5,348.8,True,348.8
b2c17,21,0.3,2.0,348.8,True,348.8
b2c18,7,0.1,1.2,366.46000000000004,True,366.46000000000004
b2c18,7,0.1,1.5,366.46000000000004,True,366.46000000000004
b2c18,7,0.1,2.0,366.46000000000004,True,366.46000000000004
b2c18,7,0.2,1.2,366.46000000000004,True,366.46000000000004
b2c18,7,0.2,1.5,366.46000000000004,True,366.46000000000004
b2c18,7,0.2,2.0,366.46000000000004,True,366.46000000000004
b2c18,7,0.3,1.2,366.46000000000004,True,366.46000000000004
b2c18,7,0.3,1.5,366.46000000000004,True,366.46000000000004
b2c18,7,0.3,2.0,366.46000000000004,True,366.46000000000004
b2c18,11,0.1,1.2,366.46000000000004,True,366.46000000000004
b2c18,11,0.1,1.5,366.46000000000004,True,366.46000000000004
b2c18,11,0.1,2.0,366.46000000000004,True,366.46000000000004
b2c18,11,0.2,1.2,366.46000000000004,True,366.46000000000004
b2c18,11,0.2,1.5,366.46000000000004,True,366.46000000000004
b2c18,11,0.2,2.0,366.46000000000004,True,366.46000000000004
b2c18,11,0.3,1.2,366.46000000000004,True,366.46000000000004
b2c18,11,0.3,1.5,366.46000000000004,True,366.46000000000004
b2c18,11,0.3,2.0,366.46000000000004,True,366.46000000000004
b2c18,21,0.1,1.2,366.46000000000004,True,366.46000000000004
b2c18,21,0.1,1.5,366.46000000000004,True,366.46000000000004
b2c18,21,0.1,2.0,366.46000000000004,True,366.46000000000004
b2c18,21,0.2,1.2,366.46000000000004,True,366.46000000000004
b2c18,21,0.2,1.5,366.46000000000004,True,366.46000000000004
b2c18,21,0.2,2.0,366.46000000000004,True,366.46000000000004
b2c18,21,0.3,1.2,366.46000000000004,True,366.46000000000004
b2c18,21,0.3,1.5,366.46000000000004,True,366.46000000000004
b2c18,21,0.3,2.0,366.46000000000004,True,366.46000000000004
b2c19,7,0.1,1.2,306.74,True,306.74
b2c19,7,0.1,1.5,306.74,True,306.74
b2c19,7,0.1,2.0,306.74,True,306.74
b2c19,7,0.2,1.2,306.74,True,306.74
b2c19,7,0.2,1.5,306.74,True,306.74
b2c19,7,0.2,2.0,306.74,True,306.74
b2c19,7,0.3,1.2,306.74,True,306.74
b2c19,7,0.3,1.5,306.74,True,306.74
b2c19,7,0.3,2.0,306.74,True,306.74
b2c19,11,0.1,1.2,306.74,True,306.74
b2c19,11,0.1,1.5,306.74,True,306.74
b2c19,11,0.1,2.0,306.74,True,306.74
b2c19,11,0.2,1.2,306.74,True,306.74
b2c19,11,0.2,1.5,306.74,True,306.74
b2c19,11,0.2,2.0,306.74,True,306.74
b2c19,11,0.3,1.2,306.74,True,306.74
b2c19,11,0.3,1.5,306.74,True,306.74
b2c19,11,0.3,2.0,306.74,True,306.74
b2c19,21,0.1,1.2,306.74,True,306.74
b2c19,21,0.1,1.5,306.74,True,306.74
b2c19,21,0.1,2.0,306.74,True,306.74
b2c19,21,0.2,1.2,306.74,True,306.74
b2c19,21,0.2,1.5,306.74,True,306.74
b2c19,21,0.2,2.0,306.74,True,306.74
b2c19,21,0.3,1.2,306.74,True,306.74
b2c19,21,0.3,1.5,306.74,True,306.74
b2c19,21,0.3,2.0,306.74,True,306.74
b2c20,7,0.1,1.2,396.88,True,396.88
b2c20,7,0.1,1.5,396.88,True,396.88
b2c20,7,0.1,2.0,396.88,True,396.88
b2c20,7,0.2,1.2,396.88,True,396.88
b2c20,7,0.2,1.5,396.88,True,396.88
b2c20,7,0.2,2.0,396.88,True,396.88
b2c20,7,0.3,1.2,396.88,True,396.88
b2c20,7,0.3,1.5,396.88,True,396.88
b2c20,7,0.3,2.0,396.88,True,396.88
b2c20,11,0.1,1.2,396.88,True,396.88
b2c20,11,0.1,1.5,396.88,True,396.88
b2c20,11,0.1,2.0,396.88,True,396.88
b2c20,11,0.2,1.2,396.88,True,396.88
b2c20,11,0.2,1.5,396.88,True,396.88
b2c20,11,0.2,2.0,396.88,True,396.88
b2c20,11,0.3,1.2,396.88,True,396.88
b2c20,11,0.3,1.5,396.88,True,396.88
b2c20,11,0.3,2.0,396.88,True,396.88
b2c20,21,0.1,1.2,396.88,True,396.88
b2c20,21,0.1,1.5,396.88,True,396.88
b2c20,21,0.1,2.0,396.88,True,396.88
b2c20,21,0.2,1.2,396.88,True,396.88
b2c20,21,0.2,1.5,396.88,True,396.88
b2c20,21,0.2,2.0,396.88,True,396.88
b2c20,21,0.3,1.2,396.88,True,396.88
b2c20,21,0.3,1.5,396.88,True,396.88
b2c20,21,0.3,2.0,396.88,True,396.88
b2c21,7,0.1,1.2,309.52000000000004,True,309.52000000000004
b2c21,7,0.1,1.5,309.52000000000004,True,309.52000000000004
b2c21,7,0.1,2.0,309.52000000000004,True,309.52000000000004
b2c21,7,0.2,1.2,309.52000000000004,True,309.52000000000004
b2c21,7,0.2,1.5,309.52000000000004,True,309.52000000000004
b2c21,7,0.2,2.0,309.52000000000004,True,309.52000000000004
b2c21,7,0.3,1.2,309.52000000000004,True,309.52000000000004
b2c21,7,0.3,1.5,309.52000000000004,True,309.52000000000004
b2c21,7,0.3,2.0,309.52000000000004,True,309.52000000000004
b2c21,11,0.1,1.2,309.52000000000004,True,309.52000000000004
b2c21,11,0.1,1.5,309.52000000000004,True,309.52000000000004
b2c21,11,0.1,2.0,309.52000000000004,True,309.52000000000004
b2c21,11,0.2,1.2,309.52000000000004,True,309.52000000000004
b2c21,11,0.2,1.5,309.52000000000004,True,309.52000000000004
b2c21,11,0.2,2.0,309.52000000000004,True,309.52000000000004
b2c21,11,0.3,1.2,309.52000000000004,True,309.52000000000004
b2c21,11,0.3,1.5,309.52000000000004,True,309.52000000000004
b2c21,11,0.3,2.0,309.52000000000004,True,309.52000000000004
b2c21,21,0.1,1.2,309.52000000000004,True,309.52000000000004
b2c21,21,0.1,1.5,309.52000000000004,True,309.52000000000004
b2c21,21,0.1,2.0,309.52000000000004,True,309.52000000000004
b2c21,21,0.2,1.2,309.52000000000004,True,309.52000000000004
b2c21,21,0.2,1.5,309.52000000000004,True,309.52000000000004
b2c21,21,0.2,2.0,309.52000000000004,True,309.52000000000004
b2c21,21,0.3,1.2,309.52000000000004,True,309.52000000000004
b2c21,21,0.3,1.5,309.52000000000004,True,309.52000000000004
b2c21,21,0.3,2.0,309.52000000000004,True,309.52000000000004
b2c22,7,0.1,1.2,364.90000000000003,False,
b2c22,7,0.1,1.5,364.90000000000003,False,
b2c22,7,0.1,2.0,364.90000000000003,False,
b2c22,7,0.2,1.2,364.90000000000003,False,
b2c22,7,0.2,1.5,364.90000000000003,False,
b2c22,7,0.2,2.0,364.90000000000003,False,
b2c22,7,0.3,1.2,364.90000000000003,False,
b2c22,7,0.3,1.5,364.90000000000003,False,
b2c22,7,0.3,2.0,364.90000000000003,False,
b2c22,11,0.1,1.2,364.90000000000003,False,
b2c22,11,0.1,1.5,364.90000000000003,False,
b2c22,11,0.1,2.0,364.90000000000003,False,
b2c22,11,0.2,1.2,364.90000000000003,False,
b2c22,11,0.2,1.5,364.90000000000003,False,
b2c22,11,0.2,2.0,364.90000000000003,False,
b2c22,11,0.3,1.2,364.90000000000003,False,
b2c22,11,0.3,1.5,364.90000000000003,False,
b2c22,11,0.3,2.0,364.90000000000003,False,
b2c22,21,0.1,1.2,364.90000000000003,False,
b2c22,21,0.1,1.5,364.90000000000003,False,
b2c22,21,0.1,2.0,364.90000000000003,False,
b2c22,21,0.2,1.2,364.90000000000003,False,
b2c22,21,0.2,1.5,364.90000000000003,False,
b2c22,21,0.2,2.0,364.90000000000003,False,
b2c22,21,0.3,1.2,364.90000000000003,False,
b2c22,21,0.3,1.5,364.90000000000003,False,
b2c22,21,0.3,2.0,364.90000000000003,False,
b2c23,7,0.1,1.2,946.44,True,946.44
b2c23,7,0.1,1.5,946.44,True,946.44
b2c23,7,0.1,2.0,946.44,True,946.44
b2c23,7,0.2,1.2,946.44,True,946.44
b2c23,7,0.2,1.5,946.44,True,946.44
b2c23,7,0.2,2.0,946.44,True,946.44
b2c23,7,0.3,1.2,946.44,True,946.44
b2c23,7,0.3,1.5,946.44,True,946.44
b2c23,7,0.3,2.0,946.44,True,946.44
b2c23,11,0.1,1.2,946.44,True,946.44
b2c23,11,0.1,1.5,946.44,True,946.44
b2c23,11,0.1,2.0,946.44,True,946.44
b2c23,11,0.2,1.2,946.44,True,946.44
b2c23,11,0.2,1.5,946.44,True,946.44
b2c23,11,0.2,2.0,946.44,True,946.44
b2c23,11,0.3,1.2,946.44,True,946.44
b2c23,11,0.3,1.5,946.44,True,946.44
b2c23,11,0.3,2.0,946.44,True,946.44
b2c23,21,0.1,1.2,946.44,True,946.44
b2c23,21,0.1,1.5,946.44,True,946.44
b2c23,21,0.1,2.0,946.44,True,946.44
b2c23,21,0.2,1.2,946.44,True,946.44
b2c23,21,0.2,1.5,946.44,True,946.44
b2c23,21,0.2,2.0,946.44,True,946.44
b2c23,21,0.3,1.2,946.44,True,946.44
b2c23,21,0.3,1.5,946.44,True,946.44
b2c23,21,0.3,2.0,946.44,True,946.44
b2c24,7,0.1,1.2,399.24,True,399.24
b2c24,7,0.1,1.5,399.24,True,399.24
b2c24,7,0.1,2.0,399.24,True,399.24
b2c24,7,0.2,1.2,399.24,True,399.24
b2c24,7,0.2,1.5,399.24,True,399.24
b2c24,7,0.2,2.0,399.24,True,399.24
b2c24,7,0.3,1.2,399.24,True,399.24
b2c24,7,0.3,1.5,399.24,True,399.24
b2c24,7,0.3,2.0,399.24,True,399.24
b2c24,11,0.1,1.2,399.24,True,399.24
b2c24,11,0.1,1.5,399.24,True,399.24
b2c24,11,0.1,2.0,399.24,True,399.24
b2c24,11,0.2,1.2,399.24,True,399.24
b2c24,11,0.2,1.5,399.24,True,399.24
b2c24,11,0.2,2.0,399.24,True,399.24
b2c24,11,0.3,1.2,399.24,True,399.24
b2c24,11,0.3,1.5,399.24,True,399.24
b2c24,11,0.3,2.0,399.24,True,399.24
b2c24,21,0.1,1.2,399.24,True,399.24
b2c24,21,0.1,1.5,399.24,True,399.24
b2c24,21,0.1,2.0,399.24,True,399.24
b2c24,21,0.2,1.2,399.24,True,399.24
b2c24,21,0.2,1.5,399.24,True,399.24
b2c24,21,0.2,2.0,399.24,True,399.24
b2c24,21,0.3,1.2,399.24,True,399.24
b2c24,21,0.3,1.5,399.24,True,399.24
b2c24,21,0.3,2.0,399.24,True,399.24
b2c25,7,0.1,1.2,395.77,True,395.77
b2c25,7,0.1,1.5,395.77,True,395.77
b2c25,7,0.1,2.0,395.77,True,395.77
b2c25,7,0.2,1.2,395.77,True,395.77
b2c25,7,0.2,1.5,395.77,True,395.77
b2c25,7,0.2,2.0,395.77,True,395.77
b2c25,7,0.3,1.2,395.77,True,395.77
b2c25,7,0.3,1.5,395.77,True,395.77
b2c25,7,0.3,2.0,395.77,True,395.77
b2c25,11,0.1,1.2,395.77,True,395.77
b2c25,11,0.1,1.5,395.77,True,395.77
b2c25,11,0.1,2.0,395.77,True,395.77
b2c25,11,0.2,1.2,395.77,True,395.77
b2c25,11,0.2,1.5,395.77,True,395.77
b2c25,11,0.2,2.0,395.77,True,395.77
b2c25,11,0.3,1.2,395.77,True,395.77
b2c25,11,0.3,1.5,395.77,True,395.77
b2c25,11,0.3,2.0,395.77,True,395.77
b2c25,21,0.1,1.2,395.77,True,395.77
b2c25,21,0.1,1.5,395.77,True,395.77
b2c25,21,0.1,2.0,395.77,True,395.77
b2c25,21,0.2,1.2,395.77,True,395.77
b2c25,21,0.2,1.5,395.77,True,395.77
b2c25,21,0.2,2.0,395.77,True,395.77
b2c25,21,0.3,1.2,395.77,True,395.77
b2c25,21,0.3,1.5,395.77,True,395.77
b2c25,21,0.3,2.0,395.77,True,395.77
b2c26,7,0.1,1.2,350.18,True,350.18
b2c26,7,0.1,1.5,350.18,True,350.18
b2c26,7,0.1,2.0,350.18,True,350.18
b2c26,7,0.2,1.2,350.18,True,350.18
b2c26,7,0.2,1.5,350.18,True,350.18
b2c26,7,0.2,2.0,350.18,True,350.18
b2c26,7,0.3,1.2,350.18,True,350.18
b2c26,7,0.3,1.5,350.18,True,350.18
b2c26,7,0.3,2.0,350.18,True,350.18
b2c26,11,0.1,1.2,350.18,True,350.18
b2c26,11,0.1,1.5,350.18,True,350.18
b2c26,11,0.1,2.0,350.18,True,350.18
b2c26,11,0.2,1.2,350.18,True,350.18
b2c26,11,0.2,1.5,350.18,True,350.18
b2c26,11,0.2,2.0,350.18,True,350.18
b2c26,11,0.3,1.2,350.18,True,350.18
b2c26,11,0.3,1.5,350.18,True,350.18
b2c26,11,0.3,2.0,350.18,True,350.18
b2c26,21,0.1,1.2,350.18,True,350.18
b2c26,21,0.1,1.5,350.18,True,350.18
b2c26,21,0.1,2.0,350.18,True,350.18
b2c26,21,0.2,1.2,350.18,True,350.18
b2c26,21,0.2,1.5,350.18,True,350.18
b2c26,21,0.2,2.0,350.18,True,350.18
b2c26,21,0.3,1.2,350.18,True,350.18
b2c26,21,0.3,1.5,350.18,True,350.18
b2c26,21,0.3,2.0,350.18,True,350.18
b2c27,7,0.1,1.2,377.08,True,377.08
b2c27,7,0.1,1.5,377.08,True,377.08
b2c27,7,0.1,2.0,377.08,True,377.08
b2c27,7,0.2,1.2,377.08,True,377.08
b2c27,7,0.2,1.5,377.08,True,377.08
b2c27,7,0.2,2.0,377.08,True,377.08
b2c27,7,0.3,1.2,377.08,True,377.08
b2c27,7,0.3,1.5,377.08,True,377.08
b2c27,7,0.3,2.0,377.08,True,377.08
b2c27,11,0.1,1.2,377.08,True,377.08
b2c27,11,0.1,1.5,377.08,True,377.08
b2c27,11,0.1,2.0,377.08,True,377.08
b2c27,11,0.2,1.2,377.08,True,377.08
b2c27,11,0.2,1.5,377.08,True,377.08
b2c27,11,0.2,2.0,377.08,True,377.08
b2c27,11,0.3,1.2,377.08,True,377.08
b2c27,11,0.3,1.5,377.08,True,377.08
b2c27,11,0.3,2.0,377.08,True,377.08
b2c27,21,0.1,1.2,377.08,True,377.08
b2c27,21,0.1,1.5,377.08,True,377.08
b2c27,21,0.1,2.0,377.08,True,377.08
b2c27,21,0.2,1.2,377.08,True,377.08
b2c27,21,0.2,1.5,377.08,True,377.08
b2c27,21,0.2,2.0,377.08,True,377.08
b2c27,21,0.3,1.2,377.08,True,377.08
b2c27,21,0.3,1.5,377.08,True,377.08
b2c27,21,0.3,2.0,377.08,True,377.08
b2c28,7,0.1,1.2,331.12000000000006,True,331.12000000000006
b2c28,7,0.1,1.5,331.12000000000006,True,331.12000000000006
b2c28,7,0.1,2.0,331.12000000000006,True,331.12000000000006
b2c28,7,0.2,1.2,331.12000000000006,True,331.12000000000006
b2c28,7,0.2,1.5,331.12000000000006,True,331.12000000000006
b2c28,7,0.2,2.0,331.12000000000006,True,331.12000000000006
b2c28,7,0.3,1.2,331.12000000000006,True,331.12000000000006
b2c28,7,0.3,1.5,331.12000000000006,True,331.12000000000006
b2c28,7,0.3,2.0,331.12000000000006,True,331.12000000000006
b2c28,11,0.1,1.2,331.12000000000006,True,331.12000000000006
b2c28,11,0.1,1.5,331.12000000000006,True,331.12000000000006
b2c28,11,0.1,2.0,331.12000000000006,True,331.12000000000006
b2c28,11,0.2,1.2,331.12000000000006,True,331.12000000000006
b2c28,11,0.2,1.5,331.12000000000006,True,331.12000000000006
b2c28,11,0.2,2.0,331.12000000000006,True,331.12000000000006
b2c28,11,0.3,1.2,331.12000000000006,True,331.12000000000006
b2c28,11,0.3,1.5,331.12000000000006,True,331.12000000000006
b2c28,11,0.3,2.0,331.12000000000006,True,331.12000000000006
b2c28,21,0.1,1.2,335.58,True,335.58
b2c28,21,0.1,1.5,335.58,True,335.58
b2c28,21,0.1,2.0,335.58,True,335.58
b2c28,21,0.2,1.2,335.58,True,335.58
b2c28,21,0.2,1.5,335.58,True,335.58
b2c28,21,0.2,2.0,335.58,True,335.58
b2c28,21,0.3,1.2,335.58,True,335.58
b2c28,21,0.3,1.5,335.58,True,335.58
b2c28,21,0.3,2.0,335.58,True,335.58
b2c29,7,0.1,1.2,350.4,True,350.4
b2c29,7,0.1,1.5,350.4,True,350.4
b2c29,7,0.1,2.0,350.4,True,350.4
b2c29,7,0.2,1.2,350.4,True,350.4
b2c29,7,0.2,1.5,350.4,True,350.4
b2c29,7,0.2,2.0,350.4,True,350.4
b2c29,7,0.3,1.2,350.4,True,350.4
b2c29,7,0.3,1.5,350.4,True,350.4
b2c29,7,0.3,2.0,350.4,True,350.4
b2c29,11,0.1,1.2,350.4,True,350.4
b2c29,11,0.1,1.5,350.4,True,350.4
b2c29,11,0.1,2.0,350.4,True,350.4
b2c29,11,0.2,1.2,350.4,True,350.4
b2c29,11,0.2,1.5,350.4,True,350.4
b2c29,11,0.2,2.0,350.4,True,350.4
b2c29,11,0.3,1.2,350.4,True,350.4
b2c29,11,0.3,1.5,350.4,True,350.4
b2c29,11,0.3,2.0,350.4,True,350.4
b2c29,21,0.1,1.2,350.4,True,350.4
b2c29,21,0.1,1.5,350.4,True,350.4
b2c29,21,0.1,2.0,350.4,True,350.4
b2c29,21,0.2,1.2,350.4,True,350.4
b2c29,21,0.2,1.5,350.4,True,350.4
b2c29,21,0.2,2.0,350.4,True,350.4
b2c29,21,0.3,1.2,350.4,True,350.4
b2c29,21,0.3,1.5,350.4,True,350.4
b2c29,21,0.3,2.0,350.4,True,350.4
b2c30,7,0.1,1.2,332.63,True,332.63
b2c30,7,0.1,1.5,332.63,True,332.63
b2c30,7,0.1,2.0,332.63,True,332.63
b2c30,7,0.2,1.2,332.63,True,332.63
b2c30,7,0.2,1.5,332.63,True,332.63
b2c30,7,0.2,2.0,332.63,True,332.63
b2c30,7,0.3,1.2,332.63,True,332.63
b2c30,7,0.3,1.5,332.63,True,332.63
b2c30,7,0.3,2.0,332.63,True,332.63
b2c30,11,0.1,1.2,332.63,True,332.63
b2c30,11,0.1,1.5,332.63,True,332.63
b2c30,11,0.1,2.0,332.63,True,332.63
b2c30,11,0.2,1.2,332.63,True,332.63
b2c30,11,0.2,1.5,332.63,True,332.63
b2c30,11,0.2,2.0,332.63,True,332.63
b2c30,11,0.3,1.2,332.63,True,332.63
b2c30,11,0.3,1.5,332.63,True,332.63
b2c30,11,0.3,2.0,332.63,True,332.63
b2c30,21,0.1,1.2,332.63,True,332.63
b2c30,21,0.1,1.5,332.63,True,332.63
b2c30,21,0.1,2.0,332.63,True,332.63
b2c30,21,0.2,1.2,332.63,True,332.63
b2c30,21,0.2,1.5,332.63,True,332.63
b2c30,21,0.2,2.0,332.63,True,332.63
b2c30,21,0.3,1.2,332.63,True,332.63
b2c30,21,0.3,1.5,332.63,True,332.63
b2c30,21,0.3,2.0,332.63,True,332.63
b2c31,7,0.1,1.2,332.64,True,332.64
b2c31,7,0.1,1.5,332.64,True,332.64
b2c31,7,0.1,2.0,332.64,True,332.64
b2c31,7,0.2,1.2,332.64,True,332.64
b2c31,7,0.2,1.5,332.64,True,332.64
b2c31,7,0.2,2.0,332.64,True,332.64
b2c31,7,0.3,1.2,332.64,True,332.64
b2c31,7,0.3,1.5,332.64,True,332.64
b2c31,7,0.3,2.0,332.64,True,332.64
b2c31,11,0.1,1.2,332.64,True,332.64
b2c31,11,0.1,1.5,332.64,True,332.64
b2c31,11,0.1,2.0,332.64,True,332.64
b2c31,11,0.2,1.2,332.64,True,332.64
b2c31,11,0.2,1.5,332.64,True,332.64
b2c31,11,0.2,2.0,332.64,True,332.64
b2c31,11,0.3,1.2,332.64,True,332.64
b2c31,11,0.3,1.5,332.64,True,332.64
b2c31,11,0.3,2.0,332.64,True,332.64
b2c31,21,0.1,1.2,332.64,True,332.64
b2c31,21,0.1,1.5,332.64,True,332.64
b2c31,21,0.1,2.0,332.64,True,332.64
b2c31,21,0.2,1.2,332.64,True,332.64
b2c31,21,0.2,1.5,332.64,True,332.64
b2c31,21,0.2,2.0,332.64,True,332.64
b2c31,21,0.3,1.2,332.64,True,332.64
b2c31,21,0.3,1.5,332.64,True,332.64
b2c31,21,0.3,2.0,332.64,True,332.64
b2c32,7,0.1,1.2,644.48,True,644.48
b2c32,7,0.1,1.5,644.48,True,644.48
b2c32,7,0.1,2.0,644.48,True,644.48
b2c32,7,0.2,1.2,644.48,True,644.48
b2c32,7,0.2,1.5,644.48,True,644.48
b2c32,7,0.2,2.0,644.48,True,644.48
b2c32,7,0.3,1.2,644.48,True,644.48
b2c32,7,0.3,1.5,644.48,True,644.48
b2c32,7,0.3,2.0,644.48,True,644.48
b2c32,11,0.1,1.2,644.48,True,644.48
b2c32,11,0.1,1.5,644.48,True,644.48
b2c32,11,0.1,2.0,644.48,True,644.48
b2c32,11,0.2,1.2,644.48,True,644.48
b2c32,11,0.2,1.5,644.48,True,644.48
b2c32,11,0.2,2.0,644.48,True,644.48
b2c32,11,0.3,1.2,644.48,True,644.48
b2c32,11,0.3,1.5,644.48,True,644.48
b2c32,11,0.3,2.0,644.48,True,644.48
b2c32,21,0.1,1.2,644.48,True,644.48
b2c32,21,0.1,1.5,644.48,True,644.48
b2c32,21,0.1,2.0,644.48,True,644.48
b2c32,21,0.2,1.2,644.48,True,644.48
b2c32,21,0.2,1.5,644.48,True,644.48
b2c32,21,0.2,2.0,644.48,True,644.48
b2c32,21,0.3,1.2,644.48,True,644.48
b2c32,21,0.3,1.5,644.48,True,644.48
b2c32,21,0.3,2.0,644.48,True,644.48
b2c33,7,0.1,1.2,918.6,True,918.6
b2c33,7,0.1,1.5,918.6,True,918.6
b2c33,7,0.1,2.0,918.6,True,918.6
b2c33,7,0.2,1.2,918.6,True,918.6
b2c33,7,0.2,1.5,918.6,True,918.6
b2c33,7,0.2,2.0,918.6,True,918.6
b2c33,7,0.3,1.2,918.6,True,918.6
b2c33,7,0.3,1.5,918.6,True,918.6
b2c33,7,0.3,2.0,918.6,True,918.6
b2c33,11,0.1,1.2,918.6,True,918.6
b2c33,11,0.1,1.5,918.6,True,918.6
b2c33,11,0.1,2.0,918.6,True,918.6
b2c33,11,0.2,1.2,918.6,True,918.6
b2c33,11,0.2,1.5,918.6,True,918.6
b2c33,11,0.2,2.0,918.6,True,918.6
b2c33,11,0.3,1.2,918.6,True,918.6
b2c33,11,0.3,1.5,918.6,True,918.6
b2c33,11,0.3,2.0,918.6,True,918.6
b2c33,21,0.1,1.2,918.6,True,918.6
b2c33,21,0.1,1.5,918.6,True,918.6
b2c33,21,0.1,2.0,918.6,True,918.6
b2c33,21,0.2,1.2,918.6,True,918.6
b2c33,21,0.2,1.5,918.6,True,918.6
b2c33,21,0.2,2.0,918.6,True,918.6
b2c33,21,0.3,1.2,918.6,True,918.6
b2c33,21,0.3,1.5,918.6,True,918.6
b2c33,21,0.3,2.0,918.6,True,918.6
b2c34,7,0.1,1.2,966.34,True,966.34
b2c34,7,0.1,1.5,966.34,True,966.34
b2c34,7,0.1,2.0,966.34,True,966.34
b2c34,7,0.2,1.2,966.34,True,966.34
b2c34,7,0.2,1.5,966.34,True,966.34
b2c34,7,0.2,2.0,966.34,True,966.34
b2c34,7,0.3,1.2,966.34,True,966.34
b2c34,7,0.3,1.5,966.34,True,966.34
b2c34,7,0.3,2.0,966.34,True,966.34
b2c34,11,0.1,1.2,966.34,True,966.34
b2c34,11,0.1,1.5,966.34,True,966.34
b2c34,11,0.1,2.0,966.34,True,966.34
b2c34,11,0.2,1.2,966.34,True,966.34
b2c34,11,0.2,1.5,966.34,True,966.34
b2c34,11,0.2,2.0,966.34,True,966.34
b2c34,11,0.3,1.2,966.34,True,966.34
b2c34,11,0.3,1.5,966.34,True,966.34
b2c34,11,0.3,2.0,966.34,True,966.34
b2c34,21,0.1,1.2,966.34,True,966.34
b2c34,21,0.1,1.5,966.34,True,966.34
b2c34,21,0.1,2.0,966.34,True,966.34
b2c34,21,0.2,1.2,966.34,True,966.34
b2c34,21,0.2,1.5,966.34,True,966.34
b2c34,21,0.2,2.0,966.34,True,966.34
b2c34,21,0.3,1.2,966.34,True,966.34
b2c34,21,0.3,1.5,966.34,True,966.34
b2c34,21,0.3,2.0,966.34,True,966.34
b2c35,7,0.1,1.2,294.97,True,294.97
b2c35,7,0.1,1.5,294.97,True,294.97
b2c35,7,0.1,2.0,294.97,True,294.97
b2c35,7,0.2,1.2,294.97,True,294.97
b2c35,7,0.2,1.5,294.97,True,294.97
b2c35,7,0.2,2.0,294.97,True,294.97
b2c35,7,0.3,1.2,294.97,True,294.97
b2c35,7,0.3,1.5,294.97,True,294.97
b2c35,7,0.3,2.0,294.97,True,294.97
b2c35,11,0.1,1.2,294.97,True,294.97
b2c35,11,0.1,1.5,294.97,True,294.97
b2c35,11,0.1,2.0,294.97,True,294.97
b2c35,11,0.2,1.2,294.97,True,294.97
b2c35,11,0.2,1.5,294.97,True,294.97
b2c35,11,0.2,2.0,294.97,True,294.97
b2c35,11,0.3,1.2,294.97,True,294.97
b2c35,11,0.3,1.5,294.97,True,294.97
b2c35,11,0.3,2.0,294.97,True,294.97
b2c35,21,0.1,1.2,294.97,True,294.97
b2c35,21,0.1,1.5,294.97,True,294.97
b2c35,21,0.1,2.0,294.97,True,294.97
b2c35,21,0.2,1.2,294.97,True,294.97
b2c35,21,0.2,1.5,294.97,True,294.97
b2c35,21,0.2,2.0,294.97,True,294.97
b2c35,21,0.3,1.2,294.97,True,294.97
b2c35,21,0.3,1.5,294.97,True,294.97
b2c35,21,0.3,2.0,294.97,True,294.97
b2c36,7,0.1,1.2,196.3,True,196.3
b2c36,7,0.1,1.5,196.3,True,196.3
b2c36,7,0.1,2.0,196.3,False,
b2c36,7,0.2,1.2,196.3,True,196.3
b2c36,7,0.2,1.5,196.3,True,196.3
b2c36,7,0.2,2.0,196.3,False,
b2c36,7,0.3,1.2,196.3,True,196.3
b2c36,7,0.3,1.5,196.3,True,196.3
b2c36,7,0.3,2.0,196.3,False,
b2c36,11,0.1,1.2,196.3,True,196.3
b2c36,11,0.1,1.5,196.3,True,196.3
b2c36,11,0.1,2.0,196.3,False,
b2c36,11,0.2,1.2,196.3,True,196.3
b2c36,11,0.2,1.5,196.3,True,196.3
b2c36,11,0.2,2.0,196.3,False,
b2c36,11,0.3,1.2,196.3,True,196.3
b2c36,11,0.3,1.5,196.3,True,196.3
b2c36,11,0.3,2.0,196.3,False,
b2c36,21,0.1,1.2,196.3,True,196.3
b2c36,21,0.1,1.5,196.3,True,196.3
b2c36,21,0.1,2.0,196.3,False,
b2c36,21,0.2,1.2,196.3,True,196.3
b2c36,21,0.2,1.5,196.3,True,196.3
b2c36,21,0.2,2.0,196.3,False,
b2c36,21,0.3,1.2,196.3,True,196.3
b2c36,21,0.3,1.5,196.3,True,196.3
b2c36,21,0.3,2.0,196.3,False,
b2c37,7,0.1,1.2,,False,
b2c37,7,0.1,1.5,,False,
b2c37,7,0.1,2.0,,False,
b2c37,7,0.2,1.2,,False,
b2c37,7,0.2,1.5,,False,
b2c37,7,0.2,2.0,,False,
b2c37,7,0.3,1.2,,False,
b2c37,7,0.3,1.5,,False,
b2c37,7,0.3,2.0,,False,
b2c37,11,0.1,1.2,,False,
b2c37,11,0.1,1.5,,False,
b2c37,11,0.1,2.0,,False,
b2c37,11,0.2,1.2,,False,
b2c37,11,0.2,1.5,,False,
b2c37,11,0.2,2.0,,False,
b2c37,11,0.3,1.2,,False,
b2c37,11,0.3,1.5,,False,
b2c37,11,0.3,2.0,,False,
b2c37,21,0.1,1.2,,False,
b2c37,21,0.1,1.5,,False,
b2c37,21,0.1,2.0,,False,
b2c37,21,0.2,1.2,,False,
b2c37,21,0.2,1.5,,False,
b2c37,21,0.2,2.0,,False,
b2c37,21,0.3,1.2,,False,
b2c37,21,0.3,1.5,,False,
b2c37,21,0.3,2.0,,False,
b2c38,7,0.1,1.2,,False,
b2c38,7,0.1,1.5,,False,
b2c38,7,0.1,2.0,,False,
b2c38,7,0.2,1.2,,False,
b2c38,7,0.2,1.5,,False,
b2c38,7,0.2,2.0,,False,
b2c38,7,0.3,1.2,,False,
b2c38,7,0.3,1.5,,False,
b2c38,7,0.3,2.0,,False,
b2c38,11,0.1,1.2,,False,
b2c38,11,0.1,1.5,,False,
b2c38,11,0.1,2.0,,False,
b2c38,11,0.2,1.2,,False,
b2c38,11,0.2,1.5,,False,
b2c38,11,0.2,2.0,,False,
b2c38,11,0.3,1.2,,False,
b2c38,11,0.3,1.5,,False,
b2c38,11,0.3,2.0,,False,
b2c38,21,0.1,1.2,,False,
b2c38,21,0.1,1.5,,False,
b2c38,21,0.1,2.0,,False,
b2c38,21,0.2,1.2,,False,
b2c38,21,0.2,1.5,,False,
b2c38,21,0.2,2.0,,False,
b2c38,21,0.3,1.2,,False,
b2c38,21,0.3,1.5,,False,
b2c38,21,0.3,2.0,,False,
b2c39,7,0.1,1.2,294.08000000000004,True,294.08000000000004
b2c39,7,0.1,1.5,294.08000000000004,True,294.08000000000004
b2c39,7,0.1,2.0,294.08000000000004,True,294.08000000000004
b2c39,7,0.2,1.2,294.08000000000004,True,294.08000000000004
b2c39,7,0.2,1.5,294.08000000000004,True,294.08000000000004
b2c39,7,0.2,2.0,294.08000000000004,True,294.08000000000004
b2c39,7,0.3,1.2,294.08000000000004,True,294.08000000000004
b2c39,7,0.3,1.5,294.08000000000004,True,294.08000000000004
b2c39,7,0.3,2.0,294.08000000000004,True,294.08000000000004
b2c39,11,0.1,1.2,294.08000000000004,True,294.08000000000004
b2c39,11,0.1,1.5,294.08000000000004,True,294.08000000000004
b2c39,11,0.1,2.0,294.08000000000004,True,294.08000000000004
b2c39,11,0.2,1.2,294.08000000000004,True,294.08000000000004
b2c39,11,0.2,1.5,294.08000000000004,True,294.08000000000004
b2c39,11,0.2,2.0,294.08000000000004,True,294.08000000000004
b2c39,11,0.3,1.2,294.08000000000004,True,294.08000000000004
b2c39,11,0.3,1.5,294.08000000000004,True,294.08000000000004
b2c39,11,0.3,2.0,294.08000000000004,True,294.08000000000004
b2c39,21,0.1,1.2,294.08000000000004,True,294.08000000000004
b2c39,21,0.1,1.5,294.08000000000004,True,294.08000000000004
b2c39,21,0.1,2.0,294.08000000000004,True,294.08000000000004
b2c39,21,0.2,1.2,294.08000000000004,True,294.08000000000004
b2c39,21,0.2,1.5,294.08000000000004,True,294.08000000000004
b2c39,21,0.2,2.0,294.08000000000004,True,294.08000000000004
b2c39,21,0.3,1.2,294.08000000000004,True,294.08000000000004
b2c39,21,0.3,1.5,294.08000000000004,True,294.08000000000004
b2c39,21,0.3,2.0,294.08000000000004,True,294.08000000000004
b2c40,7,0.1,1.2,328.79,True,328.79
b2c40,7,0.1,1.5,328.79,True,328.79
b2c40,7,0.1,2.0,328.79,True,328.79
b2c40,7,0.2,1.2,328.79,True,328.79
b2c40,7,0.2,1.5,328.79,True,328.79
b2c40,7,0.2,2.0,328.79,True,328.79
b2c40,7,0.3,1.2,328.79,True,328.79
b2c40,7,0.3,1.5,328.79,True,328.79
b2c40,7,0.3,2.0,328.79,True,328.79
b2c40,11,0.1,1.2,328.79,True,328.79
b2c40,11,0.1,1.5,328.79,True,328.79
b2c40,11,0.1,2.0,328.79,True,328.79
b2c40,11,0.2,1.2,328.79,True,328.79
b2c40,11,0.2,1.5,328.79,True,328.79
b2c40,11,0.2,2.0,328.79,True,328.79
b2c40,11,0.3,1.2,328.79,True,328.79
b2c40,11,0.3,1.5,328.79,True,328.79
b2c40,11,0.3,2.0,328.79,True,328.79
b2c40,21,0.1,1.2,328.79,True,328.79
b2c40,21,0.1,1.5,328.79,True,328.79
b2c40,21,0.1,2.0,328.79,True,328.79
b2c40,21,0.2,1.2,328.79,True,328.79
b2c40,21,0.2,1.5,328.79,True,328.79
b2c40,21,0.2,2.0,328.79,True,328.79
b2c40,21,0.3,1.2,328.79,True,328.79
b2c40,21,0.3,1.5,328.79,True,328.79
b2c40,21,0.3,2.0,328.79,True,328.79
b2c41,7,0.1,1.2,336.16,True,336.16
b2c41,7,0.1,1.5,336.16,True,336.16
b2c41,7,0.1,2.0,336.16,True,336.16
b2c41,7,0.2,1.2,336.16,True,336.16
b2c41,7,0.2,1.5,336.16,True,336.16
b2c41,7,0.2,2.0,336.16,True,336.16
b2c41,7,0.3,1.2,336.16,True,336.16
b2c41,7,0.3,1.5,336.16,True,336.16
b2c41,7,0.3,2.0,336.16,True,336.16
b2c41,11,0.1,1.2,336.16,True,336.16
b2c41,11,0.1,1.5,336.16,True,336.16
b2c41,11,0.1,2.0,336.16,True,336.16
b2c41,11,0.2,1.2,336.16,True,336.16
b2c41,11,0.2,1.5,336.16,True,336.16
b2c41,11,0.2,2.0,336.16,True,336.16
b2c41,11,0.3,1.2,336.16,True,336.16
b2c41,11,0.3,1.5,336.16,True,336.16
b2c41,11,0.3,2.0,336.16,True,336.16
b2c41,21,0.1,1.2,336.16,True,336.16
b2c41,21,0.1,1.5,336.16,True,336.16
b2c41,21,0.1,2.0,336.16,True,336.16
b2c41,21,0.2,1.2,336.16,True,336.16
b2c41,21,0.2,1.5,336.16,True,336.16
b2c41,21,0.2,2.0,336.16,True,336.16
b2c41,21,0.3,1.2,336.16,True,336.16
b2c41,21,0.3,1.5,336.16,True,336.16
b2c41,21,0.3,2.0,336.16,True,336.16
b2c42,7,0.1,1.2,350.90000000000003,True,350.90000000000003
b2c42,7,0.1,1.5,350.90000000000003,True,350.90000000000003
b2c42,7,0.1,2.0,350.90000000000003,True,350.90000000000003
b2c42,7,0.2,1.2,350.90000000000003,True,350.90000000000003
b2c42,7,0.2,1.5,350.90000000000003,True,350.90000000000003
b2c42,7,0.2,2.0,350.90000000000003,True,350.90000000000003
b2c42,7,0.3,1.2,350.90000000000003,True,350.90000000000003
b2c42,7,0.3,1.5,350.90000000000003,True,350.90000000000003
b2c42,7,0.3,2.0,350.90000000000003,True,350.90000000000003
b2c42,11,0.1,1.2,350.90000000000003,True,350.90000000000003
b2c42,11,0.1,1.5,350.90000000000003,True,350.90000000000003
b2c42,11,0.1,2.0,350.90000000000003,True,350.90000000000003
b2c42,11,0.2,1.2,350.90000000000003,True,350.90000000000003
b2c42,11,0.2,1.5,350.90000000000003,True,350.90000000000003
b2c42,11,0.2,2.0,350.90000000000003,True,350.90000000000003
b2c42,11,0.3,1.2,350.90000000000003,True,350.90000000000003
b2c42,11,0.3,1.5,350.90000000000003,True,350.90000000000003
b2c42,11,0.3,2.0,350.90000000000003,True,350.90000000000003
b2c42,21,0.1,1.2,350.90000000000003,True,350.90000000000003
b2c42,21,0.1,1.5,350.90000000000003,True,350.90000000000003
b2c42,21,0.1,2.0,350.90000000000003,True,350.90000000000003
b2c42,21,0.2,1.2,350.90000000000003,True,350.90000000000003
b2c42,21,0.2,1.5,350.90000000000003,True,350.90000000000003
b2c42,21,0.2,2.0,350.90000000000003,True,350.90000000000003
b2c42,21,0.3,1.2,350.90000000000003,True,350.90000000000003
b2c42,21,0.3,1.5,350.90000000000003,True,350.90000000000003
b2c42,21,0.3,2.0,350.90000000000003,True,350.90000000000003
b2c43,7,0.1,1.2,829.78,True,829.78
b2c43,7,0.1,1.5,829.78,True,829.78
b2c43,7,0.1,2.0,829.78,True,829.78
b2c43,7,0.2,1.2,829.78,True,829.78
b2c43,7,0.2,1.5,829.78,True,829.78
b2c43,7,0.2,2.0,829.78,True,829.78
b2c43,7,0.3,1.2,829.78,True,829.78
b2c43,7,0.3,1.5,829.78,True,829.78
b2c43,7,0.3,2.0,829.78,True,829.78
b2c43,11,0.1,1.2,829.78,True,829.78
b2c43,11,0.1,1.5,829.78,True,829.78
b2c43,11,0.1,2.0,829.78,True,829.78
b2c43,11,0.2,1.2,829.78,True,829.78
b2c43,11,0.2,1.5,829.78,True,829.78
b2c43,11,0.2,2.0,829.78,True,829.78
b2c43,11,0.3,1.2,829.78,True,829.78
b2c43,11,0.3,1.5,829.78,True,829.78
b2c43,11,0.3,2.0,829.78,True,829.78
b2c43,21,0.1,1.2,829.78,True,829.78
b2c43,21,0.1,1.5,829.78,True,829.78
b2c43,21,0.1,2.0,829.78,True,829.78
b2c43,21,0.2,1.2,829.78,True,829.78
b2c43,21,0.2,1.5,829.78,True,829.78
b2c43,21,0.2,2.0,829.78,True,829.78
b2c43,21,0.3,1.2,829.78,True,829.78
b2c43,21,0.3,1.5,829.78,True,829.78
b2c43,21,0.3,2.0,829.78,True,829.78
b2c44,7,0.1,1.2,701.2,True,701.2
b2c44,7,0.1,1.5,701.2,True,701.2
b2c44,7,0.1,2.0,701.2,True,701.2
b2c44,7,0.2,1.2,701.2,True,701.2
b2c44,7,0.2,1.5,701.2,True,701.2
b2c44,7,0.2,2.0,701.2,True,701.2
b2c44,7,0.3,1.2,701.2,True,701.2
b2c44,7,0.3,1.5,701.2,True,701.2
b2c44,7,0.3,2.0,701.2,True,701.2
b2c44,11,0.1,1.2,701.2,True,701.2
b2c44,11,0.1,1.5,701.2,True,701.2
b2c44,11,0.1,2.0,701.2,True,701.2
b2c44,11,0.2,1.2,701.2,True,701.2
b2c44,11,0.2,1.5,701.2,True,701.2
b2c44,11,0.2,2.0,701.2,True,701.2
b2c44,11,0.3,1.2,701.2,True,701.2
b2c44,11,0.3,1.5,701.2,True,701.2
b2c44,11,0.3,2.0,701.2,True,701.2
b2c44,21,0.1,1.2,701.2,True,701.2
b2c44,21,0.1,1.5,701.2,True,701.2
b2c44,21,0.1,2.0,701.2,True,701.2
b2c44,21,0.2,1.2,701.2,True,701.2
b2c44,21,0.2,1.5,701.2,True,701.2
b2c44,21,0.2,2.0,701.2,True,701.2
b2c44,21,0.3,1.2,701.2,True,701.2
b2c44,21,0.3,1.5,701.2,True,701.2
b2c44,21,0.3,2.0,701.2,True,701.2
b2c45,7,0.1,1.2,772.75,True,772.75
b2c45,7,0.1,1.5,772.75,True,772.75
b2c45,7,0.1,2.0,772.75,True,772.75
b2c45,7,0.2,1.2,772.75,True,772.75
b2c45,7,0.2,1.5,772.75,True,772.75
b2c45,7,0.2,2.0,772.75,True,772.75
b2c45,7,0.3,1.2,772.75,True,772.75
b2c45,7,0.3,1.5,772.75,True,772.75
b2c45,7,0.3,2.0,772.75,True,772.75
b2c45,11,0.1,1.2,772.75,True,772.75
b2c45,11,0.1,1.5,772.75,True,772.75
b2c45,11,0.1,2.0,772.75,True,772.75
b2c45,11,0.2,1.2,772.75,True,772.75
b2c45,11,0.2,1.5,772.75,True,772.75
b2c45,11,0.2,2.0,772.75,True,772.75
b2c45,11,0.3,1.2,772.75,True,772.75
b2c45,11,0.3,1.5,772.75,True,772.75
b2c45,11,0.3,2.0,772.75,True,772.75
b2c45,21,0.1,1.2,772.75,True,772.75
b2c45,21,0.1,1.5,772.75,True,772.75
b2c45,21,0.1,2.0,772.75,True,772.75
b2c45,21,0.2,1.2,772.75,True,772.75
b2c45,21,0.2,1.5,772.75,True,772.75
b2c45,21,0.2,2.0,772.75,True,772.75
b2c45,21,0.3,1.2,772.75,True,772.75
b2c45,21,0.3,1.5,772.75,True,772.75
b2c45,21,0.3,2.0,772.75,True,772.75
b2c46,7,0.1,1.2,399.88,True,399.88
b2c46,7,0.1,1.5,399.88,True,399.88
b2c46,7,0.1,2.0,399.88,True,399.88
b2c46,7,0.2,1.2,399.88,True,399.88
b2c46,7,0.2,1.5,399.88,True,399.88
b2c46,7,0.2,2.0,399.88,True,399.88
b2c46,7,0.3,1.2,399.88,True,399.88
b2c46,7,0.3,1.5,399.88,True,399.88
b2c46,7,0.3,2.0,399.88,True,399.88
b2c46,11,0.1,1.2,399.88,True,399.88
b2c46,11,0.1,1.5,399.88,True,399.88
b2c46,11,0.1,2.0,399.88,True,399.88
b2c46,11,0.2,1.2,399.88,True,399.88
b2c46,11,0.2,1.5,399.88,True,399.88
b2c46,11,0.2,2.0,399.88,True,399.88
b2c46,11,0.3,1.2,399.88,True,399.88
b2c46,11,0.3,1.5,399.88,True,399.88
b2c46,11,0.3,2.0,399.88,True,399.88
b2c46,21,0.1,1.2,399.88,True,399.88
b2c46,21,0.1,1.5,399.88,True,399.88
b2c46,21,0.1,2.0,399.88,True,399.88
b2c46,21,0.2,1.2,399.88,True,399.88
b2c46,21,0.2,1.5,399.88,True,399.88
b2c46,21,0.2,2.0,399.88,True,399.88
b2c46,21,0.3,1.2,399.88,True,399.88
b2c46,21,0.3,1.5,399.88,True,399.88
b2c46,21,0.3,2.0,399.88,True,399.88
b3c0,7,0.1,1.2,838.34,True,838.34
b3c0,7,0.1,1.5,838.34,True,838.34
b3c0,7,0.1,2.0,838.34,True,838.34
b3c0,7,0.2,1.2,838.34,True,838.34
b3c0,7,0.2,1.5,838.34,True,838.34
b3c0,7,0.2,2.0,838.34,True,838.34
b3c0,7,0.3,1.2,838.34,True,838.34
b3c0,7,0.3,1.5,838.34,True,838.34
b3c0,7,0.3,2.0,838.34,True,838.34
b3c0,11,0.1,1.2,838.34,True,838.34
b3c0,11,0.1,1.5,838.34,True,838.34
b3c0,11,0.1,2.0,838.34,True,838.34
b3c0,11,0.2,1.2,838.34,True,838.34
b3c0,11,0.2,1.5,838.34,True,838.34
b3c0,11,0.2,2.0,838.34,True,838.34
b3c0,11,0.3,1.2,838.34,True,838.34
b3c0,11,0.3,1.5,838.34,True,838.34
b3c0,11,0.3,2.0,838.34,True,838.34
b3c0,21,0.1,1.2,838.34,True,838.34
b3c0,21,0.1,1.5,838.34,True,838.34
b3c0,21,0.1,2.0,838.34,True,838.34
b3c0,21,0.2,1.2,838.34,True,838.34
b3c0,21,0.2,1.5,838.34,True,838.34
b3c0,21,0.2,2.0,838.34,True,838.34
b3c0,21,0.3,1.2,838.34,True,838.34
b3c0,21,0.3,1.5,838.34,True,838.34
b3c0,21,0.3,2.0,838.34,True,838.34
b3c1,7,0.1,1.2,872.6400000000001,True,872.6400000000001
b3c1,7,0.1,1.5,872.6400000000001,True,872.6400000000001
b3c1,7,0.1,2.0,872.6400000000001,True,872.6400000000001
b3c1,7,0.2,1.2,872.6400000000001,True,872.6400000000001
b3c1,7,0.2,1.5,872.6400000000001,True,872.6400000000001
b3c1,7,0.2,2.0,872.6400000000001,True,872.6400000000001
b3c1,7,0.3,1.2,872.6400000000001,True,872.6400000000001
b3c1,7,0.3,1.5,872.6400000000001,True,872.6400000000001
b3c1,7,0.3,2.0,872.6400000000001,True,872.6400000000001
b3c1,11,0.1,1.2,872.6400000000001,True,872.6400000000001
b3c1,11,0.1,1.5,872.6400000000001,True,872.6400000000001
b3c1,11,0.1,2.0,872.6400000000001,True,872.6400000000001
b3c1,11,0.2,1.2,872.6400000000001,True,872.6400000000001
b3c1,11,0.2,1.5,872.6400000000001,True,872.6400000000001
b3c1,11,0.2,2.0,872.6400000000001,True,872.6400000000001
b3c1,11,0.3,1.2,872.6400000000001,True,872.6400000000001
b3c1,11,0.3,1.5,872.6400000000001,True,872.6400000000001
b3c1,11,0.3,2.0,872.6400000000001,True,872.6400000000001
b3c1,21,0.1,1.2,872.6400000000001,True,872.6400000000001
b3c1,21,0.1,1.5,872.6400000000001,True,872.6400000000001
b3c1,21,0.1,2.0,872.6400000000001,True,872.6400000000001
b3c1,21,0.2,1.2,872.6400000000001,True,872.6400000000001
b3c1,21,0.2,1.5,872.6400000000001,True,872.6400000000001
b3c1,21,0.2,2.0,872.6400000000001,True,872.6400000000001
b3c1,21,0.3,1.2,872.6400000000001,True,872.6400000000001
b3c1,21,0.3,1.5,872.6400000000001,True,872.6400000000001
b3c1,21,0.3,2.0,872.6400000000001,True,872.6400000000001
b3c2,7,0.1,1.2,989.6800000000001,True,989.6800000000001
b3c2,7,0.1,1.5,989.6800000000001,True,989.6800000000001
b3c2,7,0.1,2.0,989.6800000000001,True,989.6800000000001
b3c2,7,0.2,1.2,989.6800000000001,True,989.6800000000001
b3c2,7,0.2,1.5,989.6800000000001,True,989.6800000000001
b3c2,7,0.2,2.0,989.6800000000001,True,989.6800000000001
b3c2,7,0.3,1.2,989.6800000000001,True,989.6800000000001
b3c2,7,0.3,1.5,989.6800000000001,True,989.6800000000001
b3c2,7,0.3,2.0,989.6800000000001,True,989.6800000000001
b3c2,11,0.1,1.2,989.6800000000001,True,989.6800000000001
b3c2,11,0.1,1.5,989.6800000000001,True,989.6800000000001
b3c2,11,0.1,2.0,989.6800000000001,True,989.6800000000001
b3c2,11,0.2,1.2,989.6800000000001,True,989.6800000000001
b3c2,11,0.2,1.5,989.6800000000001,True,989.6800000000001
b3c2,11,0.2,2.0,989.6800000000001,True,989.6800000000001
b3c2,11,0.3,1.2,989.6800000000001,True,989.6800000000001
b3c2,11,0.3,1.5,989.6800000000001,True,989.6800000000001
b3c2,11,0.3,2.0,989.6800000000001,True,989.6800000000001
b3c2,21,0.1,1.2,989.6800000000001,True,989.6800000000001
b3c2,21,0.1,1.5,989.6800000000001,True,989.6800000000001
b3c2,21,0.1,2.0,989.6800000000001,True,989.6800000000001
b3c2,21,0.2,1.2,989.6800000000001,True,989.6800000000001
b3c2,21,0.2,1.5,989.6800000000001,True,989.6800000000001
b3c2,21,0.2,2.0,989.6800000000001,True,989.6800000000001
b3c2,21,0.3,1.2,989.6800000000001,True,989.6800000000001
b3c2,21,0.3,1.5,989.6800000000001,True,989.6800000000001
b3c2,21,0.3,2.0,989.6800000000001,True,989.6800000000001
b3c3,7,0.1,1.2,904.24,True,904.24
b3c3,7,0.1,1.5,904.24,True,904.24
b3c3,7,0.1,2.0,904.24,True,904.24
b3c3,7,0.2,1.2,904.24,True,904.24
b3c3,7,0.2,1.5,904.24,True,904.24
b3c3,7,0.2,2.0,904.24,True,904.24
b3c3,7,0.3,1.2,904.24,True,904.24
b3c3,7,0.3,1.5,904.24,True,904.24
b3c3,7,0.3,2.0,904.24,True,904.24
b3c3,11,0.1,1.2,904.24,True,904.24
b3c3,11,0.1,1.5,904.24,True,904.24
b3c3,11,0.1,2.0,904.24,True,904.24
b3c3,11,0.2,1.2,904.24,True,904.24
b3c3,11,0.2,1.5,904.24,True,904.24
b3c3,11,0.2,2.0,904.24,True,904.24
b3c3,11,0.3,1.2,904.24,True,904.24
b3c3,11,0.3,1.5,904.24,True,904.24
b3c3,11,0.3,2.0,904.24,True,904.24
b3c3,21,0.1,1.2,904.24,True,904.24
b3c3,21,0.1,1.5,904.24,True,904.24
b3c3,21,0.1,2.0,904.24,True,904.24
b3c3,21,0.2,1.2,904.24,True,904.24
b3c3,21,0.2,1.5,904.24,True,904.24
b3c3,21,0.2,2.0,904.24,True,904.24
b3c3,21,0.3,1.2,904.24,True,904.24
b3c3,21,0.3,1.5,904.24,True,904.24
b3c3,21,0.3,2.0,904.24,True,904.24
b3c4,7,0.1,1.2,818.86,True,818.86
b3c4,7,0.1,1.5,818.86,True,818.86
b3c4,7,0.1,2.0,818.86,True,818.86
b3c4,7,0.2,1.2,818.86,True,818.86
b3c4,7,0.2,1.5,818.86,True,818.86
b3c4,7,0.2,2.0,818.86,True,818.86
b3c4,7,0.3,1.2,818.86,True,818.86
b3c4,7,0.3,1.5,818.86,True,818.86
b3c4,7,0.3,2.0,818.86,True,818.86
b3c4,11,0.1,1.2,818.86,True,818.86
b3c4,11,0.1,1.5,818.86,True,818.86
b3c4,11,0.1,2.0,818.86,True,818.86
b3c4,11,0.2,1.2,818.86,True,818.86
b3c4,11,0.2,1.5,818.86,True,818.86
b3c4,11,0.2,2.0,818.86,True,818.86
b3c4,11,0.3,1.2,818.86,True,818.86
b3c4,11,0.3,1.5,818.86,True,818.86
b3c4,11,0.3,2.0,818.86,True,818.86
b3c4,21,0.1,1.2,818.86,True,818.86
b3c4,21,0.1,1.5,818.86,True,818.86
b3c4,21,0.1,2.0,818.86,True,818.86
b3c4,21,0.2,1.2,818.86,True,818.86
b3c4,21,0.2,1.5,818.86,True,818.86
b3c4,21,0.2,2.0,818.86,True,818.86
b3c4,21,0.3,1.2,818.86,True,818.86
b3c4,21,0.3,1.5,818.86,True,818.86
b3c4,21,0.3,2.0,818.86,True,818.86
b3c5,7,0.1,1.2,679.94,True,679.94
b3c5,7,0.1,1.5,679.94,True,679.94
b3c5,7,0.1,2.0,679.94,True,679.94
b3c5,7,0.2,1.2,679.94,True,679.94
b3c5,7,0.2,1.5,679.94,True,679.94
b3c5,7,0.2,2.0,679.94,True,679.94
b3c5,7,0.3,1.2,679.94,True,679.94
b3c5,7,0.3,1.5,679.94,True,679.94
b3c5,7,0.3,2.0,679.94,True,679.94
b3c5,11,0.1,1.2,679.94,True,679.94
b3c5,11,0.1,1.5,679.94,True,679.94
b3c5,11,0.1,2.0,679.94,True,679.94
b3c5,11,0.2,1.2,679.94,True,679.94
b3c5,11,0.2,1.5,679.94,True,679.94
b3c5,11,0.2,2.0,679.94,True,679.94
b3c5,11,0.3,1.2,679.94,True,679.94
b3c5,11,0.3,1.5,679.94,True,679.94
b3c5,11,0.3,2.0,679.94,True,679.94
b3c5,21,0.1,1.2,679.94,True,679.94
b3c5,21,0.1,1.5,679.94,True,679.94
b3c5,21,0.1,2.0,679.94,True,679.94
b3c5,21,0.2,1.2,679.94,True,679.94
b3c5,21,0.2,1.5,679.94,True,679.94
b3c5,21,0.2,2.0,679.94,True,679.94
b3c5,21,0.3,1.2,679.94,True,679.94
b3c5,21,0.3,1.5,679.94,True,679.94
b3c5,21,0.3,2.0,679.94,True,679.94
b3c6,7,0.1,1.2,462.64000000000004,True,462.64000000000004
b3c6,7,0.1,1.5,462.64000000000004,True,462.64000000000004
b3c6,7,0.1,2.0,462.64000000000004,False,
b3c6,7,0.2,1.2,462.64000000000004,True,462.64000000000004
b3c6,7,0.2,1.5,462.64000000000004,True,462.64000000000004
b3c6,7,0.2,2.0,462.64000000000004,False,
b3c6,7,0.3,1.2,462.64000000000004,True,462.64000000000004
b3c6,7,0.3,1.5,462.64000000000004,True,462.64000000000004
b3c6,7,0.3,2.0,462.64000000000004,False,
b3c6,11,0.1,1.2,462.64000000000004,True,462.64000000000004
b3c6,11,0.1,1.5,462.64000000000004,True,462.64000000000004
b3c6,11,0.1,2.0,462.64000000000004,False,
b3c6,11,0.2,1.2,462.64000000000004,True,462.64000000000004
b3c6,11,0.2,1.5,462.64000000000004,True,462.64000000000004
b3c6,11,0.2,2.0,462.64000000000004,False,
b3c6,11,0.3,1.2,462.64000000000004,True,462.64000000000004
b3c6,11,0.3,1.5,462.64000000000004,True,462.64000000000004
b3c6,11,0.3,2.0,462.64000000000004,False,
b3c6,21,0.1,1.2,462.64000000000004,True,462.64000000000004
b3c6,21,0.1,1.5,462.64000000000004,True,462.64000000000004
b3c6,21,0.1,2.0,462.64000000000004,False,
b3c6,21,0.2,1.2,462.64000000000004,True,462.64000000000004
b3c6,21,0.2,1.5,462.64000000000004,True,462.64000000000004
b3c6,21,0.2,2.0,462.64000000000004,False,
b3c6,21,0.3,1.2,462.64000000000004,True,462.64000000000004
b3c6,21,0.3,1.5,462.64000000000004,True,462.64000000000004
b3c6,21,0.3,2.0,462.64000000000004,False,
b3c7,7,0.1,1.2,1415.25,True,1415.25
b3c7,7,0.1,1.5,1415.25,True,1415.25
b3c7,7,0.1,2.0,1415.25,True,1415.25
b3c7,7,0.2,1.2,1415.25,True,1415.25
b3c7,7,0.2,1.5,1415.25,True,1415.25
b3c7,7,0.2,2.0,1415.25,True,1415.25
b3c7,7,0.3,1.2,1415.25,True,1415.25
b3c7,7,0.3,1.5,1415.25,True,1415.25
b3c7,7,0.3,2.0,1415.25,True,1415.25
b3c7,11,0.1,1.2,1415.25,True,1415.25
b3c7,11,0.1,1.5,1415.25,True,1415.25
b3c7,11,0.1,2.0,1415.25,True,1415.25
b3c7,11,0.2,1.2,1415.25,True,1415.25
b3c7,11,0.2,1.5,1415.25,True,1415.25
b3c7,11,0.2,2.0,1415.25,True,1415.25
b3c7,11,0.3,1.2,1415.25,True,1415.25
b3c7,11,0.3,1.5,1415.25,True,1415.25
b3c7,11,0.3,2.0,1415.25,True,1415.25
b3c7,21,0.1,1.2,1415.25,True,1415.25
b3c7,21,0.1,1.5,1415.25,True,1415.25
b3c7,21,0.1,2.0,1415.25,True,1415.25
b3c7,21,0.2,1.2,1415.25,True,1415.25
b3c7,21,0.2,1.5,1415.25,True,1415.25
b3c7,21,0.2,2.0,1415.25,True,1415.25
b3c7,21,0.3,1.2,1415.25,True,1415.25
b3c7,21,0.3,1.5,1415.25,True,1415.25
b3c7,21,0.3,2.0,1415.25,True,1415.25
b3c8,7,0.1,1.2,688.11,True,688.11
b3c8,7,0.1,1.5,688.11,True,688.11
b3c8,7,0.1,2.0,688.11,True,688.11
b3c8,7,0.2,1.2,688.11,True,688.11
b3c8,7,0.2,1.5,688.11,True,688.11
b3c8,7,0.2,2.0,688.11,True,688.11
b3c8,7,0.3,1.2,688.11,True,688.11
b3c8,7,0.3,1.5,688.11,True,688.11
b3c8,7,0.3,2.0,688.11,True,688.11
b3c8,11,0.1,1.2,688.11,True,688.11
b3c8,11,0.1,1.5,688.11,True,688.11
b3c8,11,0.1,2.0,688.11,True,688.11
b3c8,11,0.2,1.2,688.11,True,688.11
b3c8,11,0.2,1.5,688.11,True,688.11
b3c8,11,0.2,2.0,688.11,True,688.11
b3c8,11,0.3,1.2,688.11,True,688.11
b3c8,11,0.3,1.5,688.11,True,688.11
b3c8,11,0.3,2.0,688.11,True,688.11
b3c8,21,0.1,1.2,688.11,True,688.11
b3c8,21,0.1,1.5,688.11,True,688.11
b3c8,21,0.1,2.0,688.11,True,688.11
b3c8,21,0.2,1.2,688.11,True,688.11
b3c8,21,0.2,1.5,688.11,True,688.11
b3c8,21,0.2,2.0,688.11,True,688.11
b3c8,21,0.3,1.2,688.11,True,688.11
b3c8,21,0.3,1.5,688.11,True,688.11
b3c8,21,0.3,2.0,688.11,True,688.11
b3c9,7,0.1,1.2,842.6800000000001,True,842.6800000000001
b3c9,7,0.1,1.5,842.6800000000001,True,842.6800000000001
b3c9,7,0.1,2.0,842.6800000000001,True,842.6800000000001
b3c9,7,0.2,1.2,842.6800000000001,True,842.6800000000001
b3c9,7,0.2,1.5,842.6800000000001,True,842.6800000000001
b3c9,7,0.2,2.0,842.6800000000001,True,842.6800000000001
b3c9,7,0.3,1.2,842.6800000000001,True,842.6800000000001
b3c9,7,0.3,1.5,842.6800000000001,True,842.6800000000001
b3c9,7,0.3,2.0,842.6800000000001,True,842.6800000000001
b3c9,11,0.1,1.2,842.6800000000001,True,842.6800000000001
b3c9,11,0.1,1.5,842.6800000000001,True,842.6800000000001
b3c9,11,0.1,2.0,842.6800000000001,True,842.6800000000001
b3c9,11,0.2,1.2,842.6800000000001,True,842.6800000000001
b3c9,11,0.2,1.5,842.6800000000001,True,842.6800000000001
b3c9,11,0.2,2.0,842.6800000000001,True,842.6800000000001
b3c9,11,0.3,1.2,842.6800000000001,True,842.6800000000001
b3c9,11,0.3,1.5,842.6800000000001,True,842.6800000000001
b3c9,11,0.3,2.0,842.6800000000001,True,842.6800000000001
b3c9,21,0.1,1.2,842.6800000000001,True,842.6800000000001
b3c9,21,0.1,1.5,842.6800000000001,True,842.6800000000001
b3c9,21,0.1,2.0,842.6800000000001,True,842.6800000000001
b3c9,21,0.2,1.2,842.6800000000001,True,842.6800000000001
b3c9,21,0.2,1.5,842.6800000000001,True,842.6800000000001
b3c9,21,0.2,2.0,842.6800000000001,True,842.6800000000001
b3c9,21,0.3,1.2,842.6800000000001,True,842.6800000000001
b3c9,21,0.3,1.5,842.6800000000001,True,842.6800000000001
b3c9,21,0.3,2.0,842.6800000000001,True,842.6800000000001
b3c10,7,0.1,1.2,874.2700000000001,True,874.2700000000001
b3c10,7,0.1,1.5,874.2700000000001,True,874.2700000000001
b3c10,7,0.1,2.0,874.2700000000001,True,874.2700000000001
b3c10,7,0.2,1.2,874.2700000000001,True,874.2700000000001
b3c10,7,0.2,1.5,874.2700000000001,True,874.2700000000001
b3c10,7,0.2,2.0,874.2700000000001,True,874.2700000000001
b3c10,7,0.3,1.2,874.2700000000001,True,874.2700000000001
b3c10,7,0.3,1.5,874.2700000000001,True,874.2700000000001
b3c10,7,0.3,2.0,874.2700000000001,True,874.2700000000001
b3c10,11,0.1,1.2,874.2700000000001,True,874.2700000000001
b3c10,11,0.1,1.5,874.2700000000001,True,874.2700000000001
b3c10,11,0.1,2.0,874.2700000000001,True,874.2700000000001
b3c10,11,0.2,1.2,874.2700000000001,True,874.2700000000001
b3c10,11,0.2,1.5,874.2700000000001,True,874.2700000000001
b3c10,11,0.2,2.0,874.2700000000001,True,874.2700000000001
b3c10,11,0.3,1.2,874.2700000000001,True,874.2700000000001
b3c10,11,0.3,1.5,874.2700000000001,True,874.2700000000001
b3c10,11,0.3,2.0,874.2700000000001,True,874.2700000000001
b3c10,21,0.1,1.2,874.2700000000001,True,874.2700000000001
b3c10,21,0.1,1.5,874.2700000000001,True,874.2700000000001
b3c10,21,0.1,2.0,874.2700000000001,True,874.2700000000001
b3c10,21,0.2,1.2,874.2700000000001,True,874.2700000000001
b3c10,21,0.2,1.5,874.2700000000001,True,874.2700000000001
b3c10,21,0.2,2.0,874.2700000000001,True,874.2700000000001
b3c10,21,0.3,1.2,874.2700000000001,True,874.2700000000001
b3c10,21,0.3,1.5,874.2700000000001,True,874.2700000000001
b3c10,21,0.3,2.0,874.2700000000001,True,874.2700000000001
b3c11,7,0.1,1.2,646.74,True,646.74
b3c11,7,0.1,1.5,646.74,True,646.74
b3c11,7,0.1,2.0,646.74,True,646.74
b3c11,7,0.2,1.2,646.74,True,646.74
b3c11,7,0.2,1.5,646.74,True,646.74
b3c11,7,0.2,2.0,646.74,True,646.74
b3c11,7,0.3,1.2,646.74,True,646.74
b3c11,7,0.3,1.5,646.74,True,646.74
b3c11,7,0.3,2.0,646.74,True,646.74
b3c11,11,0.1,1.2,646.74,True,646.74
b3c11,11,0.1,1.5,646.74,True,646.74
b3c11,11,0.1,2.0,646.74,True,646.74
b3c11,11,0.2,1.2,646.74,True,646.74
b3c11,11,0.2,1.5,646.74,True,646.74
b3c11,11,0.2,2.0,646.74,True,646.74
b3c11,11,0.3,1.2,646.74,True,646.74
b3c11,11,0.3,1.5,646.74,True,646.74
b3c11,11,0.3,2.0,646.74,True,646.74
b3c11,21,0.1,1.2,646.74,True,646.74
b3c11,21,0.1,1.5,646.74,True,646.74
b3c11,21,0.1,2.0,646.74,True,646.74
b3c11,21,0.2,1.2,646.74,True,646.74
b3c11,21,0.2,1.5,646.74,True,646.74
b3c11,21,0.2,2.0,646.74,True,646.74
b3c11,21,0.3,1.2,646.74,True,646.74
b3c11,21,0.3,1.5,646.74,True,646.74
b3c11,21,0.3,2.0,646.74,True,646.74
b3c12,7,0.1,1.2,756.0100000000001,True,756.0100000000001
b3c12,7,0.1,1.5,756.0100000000001,True,756.0100000000001
b3c12,7,0.1,2.0,756.0100000000001,True,756.0100000000001
b3c12,7,0.2,1.2,756.0100000000001,True,756.0100000000001
b3c12,7,0.2,1.5,756.0100000000001,True,756.0100000000001
b3c12,7,0.2,2.0,756.0100000000001,True,756.0100000000001
b3c12,7,0.3,1.2,756.0100000000001,True,756.0100000000001
b3c12,7,0.3,1.5,756.0100000000001,True,756.0100000000001
b3c12,7,0.3,2.0,756.0100000000001,True,756.0100000000001
b3c12,11,0.1,1.2,756.0100000000001,True,756.0100000000001
b3c12,11,0.1,1.5,756.0100000000001,True,756.0100000000001
b3c12,11,0.1,2.0,756.0100000000001,True,756.0100000000001
b3c12,11,0.2,1.2,756.0100000000001,True,756.0100000000001
b3c12,11,0.2,1.5,756.0100000000001,True,756.0100000000001
b3c12,11,0.2,2.0,756.0100000000001,True,756.0100000000001
b3c12,11,0.3,1.2,756.0100000000001,True,756.0100000000001
b3c12,11,0.3,1.5,756.0100000000001,True,756.0100000000001
b3c12,11,0.3,2.0,756.0100000000001,True,756.0100000000001
b3c12,21,0.1,1.2,756.0100000000001,True,756.0100000000001
b3c12,21,0.1,1.5,756.0100000000001,True,756.0100000000001
b3c12,21,0.1,2.0,756.0100000000001,True,756.0100000000001
b3c12,21,0.2,1.2,756.0100000000001,True,756.0100000000001
b3c12,21,0.2,1.5,756.0100000000001,True,756.0100000000001
b3c12,21,0.2,2.0,756.0100000000001,True,756.0100000000001
b3c12,21,0.3,1.2,756.0100000000001,True,756.0100000000001
b3c12,21,0.3,1.5,756.0100000000001,True,756.0100000000001
b3c12,21,0.3,2.0,756.0100000000001,True,756.0100000000001
b3c13,7,0.1,1.2,629.85,True,629.85
b3c13,7,0.1,1.5,629.85,True,629.85
b3c13,7,0.1,2.0,629.85,True,629.85
b3c13,7,0.2,1.2,629.85,True,629.85
b3c13,7,0.2,1.5,629.85,True,629.85
b3c13,7,0.2,2.0,629.85,True,629.85
b3c13,7,0.3,1.2,629.85,True,629.85
b3c13,7,0.3,1.5,629.85,True,629.85
b3c13,7,0.3,2.0,629.85,True,629.85
b3c13,11,0.1,1.2,629.85,True,629.85
b3c13,11,0.1,1.5,629.85,True,629.85
b3c13,11,0.1,2.0,629.85,True,629.85
b3c13,11,0.2,1.2,629.85,True,629.85
b3c13,11,0.2,1.5,629.85,True,629.85
b3c13,11,0.2,2.0,629.85,True,629.85
b3c13,11,0.3,1.2,629.85,True,629.85
b3c13,11,0.3,1.5,629.85,True,629.85
b3c13,11,0.3,2.0,629.85,True,629.85
b3c13,21,0.1,1.2,629.85,True,629.85
b3c13,21,0.1,1.5,629.85,True,629.85
b3c13,21,0.1,2.0,629.85,True,629.85
b3c13,21,0.2,1.2,629.85,True,629.85
b3c13,21,0.2,1.5,629.85,True,629.85
b3c13,21,0.2,2.0,629.85,True,629.85
b3c13,21,0.3,1.2,629.85,True,629.85
b3c13,21,0.3,1.5,629.85,True,629.85
b3c13,21,0.3,2.0,629.85,True,629.85
b3c14,7,0.1,1.2,670.66,True,670.66
b3c14,7,0.1,1.5,670.66,True,670.66
b3c14,7,0.1,2.0,670.66,True,670.66
b3c14,7,0.2,1.2,670.66,True,670.66
b3c14,7,0.2,1.5,670.66,True,670.66
b3c14,7,0.2,2.0,670.66,True,670.66
b3c14,7,0.3,1.2,670.66,True,670.66
b3c14,7,0.3,1.5,670.66,True,670.66
b3c14,7,0.3,2.0,670.66,True,670.66
b3c14,11,0.1,1.2,670.66,True,670.66
b3c14,11,0.1,1.5,670.66,True,670.66
b3c14,11,0.1,2.0,670.66,True,670.66
b3c14,11,0.2,1.2,670.66,True,670.66
b3c14,11,0.2,1.5,670.66,True,670.66
b3c14,11,0.2,2.0,670.66,True,670.66
b3c14,11,0.3,1.2,670.66,True,670.66
b3c14,11,0.3,1.5,670.66,True,670.66
b3c14,11,0.3,2.0,670.66,True,670.66
b3c14,21,0.1,1.2,670.66,True,670.66
b3c14,21,0.1,1.5,670.66,True,670.66
b3c14,21,0.1,2.0,670.66,True,670.66
b3c14,21,0.2,1.2,670.66,True,670.66
b3c14,21,0.2,1.5,670.66,True,670.66
b3c14,21,0.2,2.0,670.66,True,670.66
b3c14,21,0.3,1.2,670.66,True,670.66
b3c14,21,0.3,1.5,670.66,True,670.66
b3c14,21,0.3,2.0,670.66,True,670.66
b3c15,7,0.1,1.2,676.0500000000001,True,676.0500000000001
b3c15,7,0.1,1.5,676.0500000000001,True,676.0500000000001
b3c15,7,0.1,2.0,676.0500000000001,True,676.0500000000001
b3c15,7,0.2,1.2,676.0500000000001,True,676.0500000000001
b3c15,7,0.2,1.5,676.0500000000001,True,676.0500000000001
b3c15,7,0.2,2.0,676.0500000000001,True,676.0500000000001
b3c15,7,0.3,1.2,676.0500000000001,True,676.0500000000001
b3c15,7,0.3,1.5,676.0500000000001,True,676.0500000000001
b3c15,7,0.3,2.0,676.0500000000001,True,676.0500000000001
b3c15,11,0.1,1.2,676.0500000000001,True,676.0500000000001
b3c15,11,0.1,1.5,676.0500000000001,True,676.0500000000001
b3c15,11,0.1,2.0,676.0500000000001,True,676.0500000000001
b3c15,11,0.2,1.2,676.0500000000001,True,676.0500000000001
b3c15,11,0.2,1.5,676.0500000000001,True,676.0500000000001
b3c15,11,0.2,2.0,676.0500000000001,True,676.0500000000001
b3c15,11,0.3,1.2,676.0500000000001,True,676.0500000000001
b3c15,11,0.3,1.5,676.0500000000001,True,676.0500000000001
b3c15,11,0.3,2.0,676.0500000000001,True,676.0500000000001
b3c15,21,0.1,1.2,676.0500000000001,True,676.0500000000001
b3c15,21,0.1,1.5,676.0500000000001,True,676.0500000000001
b3c15,21,0.1,2.0,676.0500000000001,True,676.0500000000001
b3c15,21,0.2,1.2,676.0500000000001,True,676.0500000000001
b3c15,21,0.2,1.5,676.0500000000001,True,676.0500000000001
b3c15,21,0.2,2.0,676.0500000000001,True,676.0500000000001
b3c15,21,0.3,1.2,676.0500000000001,True,676.0500000000001
b3c15,21,0.3,1.5,676.0500000000001,True,676.0500000000001
b3c15,21,0.3,2.0,676.0500000000001,True,676.0500000000001
b3c16,7,0.1,1.2,1295.3300000000002,True,1295.3300000000002
b3c16,7,0.1,1.5,1295.3300000000002,True,1295.3300000000002
b3c16,7,0.1,2.0,1295.3300000000002,True,1295.3300000000002
b3c16,7,0.2,1.2,1295.3300000000002,True,1295.3300000000002
b3c16,7,0.2,1.5,1295.3300000000002,True,1295.3300000000002
b3c16,7,0.2,2.0,1295.3300000000002,True,1295.3300000000002
b3c16,7,0.3,1.2,1295.3300000000002,True,1295.3300000000002
b3c16,7,0.3,1.5,1295.3300000000002,True,1295.3300000000002
b3c16,7,0.3,2.0,1295.3300000000002,True,1295.3300000000002
b3c16,11,0.1,1.2,1295.3300000000002,True,1295.3300000000002
b3c16,11,0.1,1.5,1295.3300000000002,True,1295.3300000000002
b3c16,11,0.1,2.0,1295.3300000000002,True,1295.3300000000002
b3c16,11,0.2,1.2,1295.3300000000002,True,1295.3300000000002
b3c16,11,0.2,1.5,1295.3300000000002,True,1295.3300000000002
b3c16,11,0.2,2.0,1295.3300000000002,True,1295.3300000000002
b3c16,11,0.3,1.2,1295.3300000000002,True,1295.3300000000002
b3c16,11,0.3,1.5,1295.3300000000002,True,1295.3300000000002
b3c16,11,0.3,2.0,1295.3300000000002,True,1295.3300000000002
b3c16,21,0.1,1.2,1295.3300000000002,True,1295.3300000000002
b3c16,21,0.1,1.5,1295.3300000000002,True,1295.3300000000002
b3c16,21,0.1,2.0,1295.3300000000002,True,1295.3300000000002
b3c16,21,0.2,1.2,1295.3300000000002,True,1295.3300000000002
b3c16,21,0.2,1.5,1295.3300000000002,True,1295.3300000000002
b3c16,21,0.2,2.0,1295.3300000000002,True,1295.3300000000002
b3c16,21,0.3,1.2,1295.3300000000002,True,1295.3300000000002
b3c16,21,0.3,1.5,1295.3300000000002,True,1295.3300000000002
b3c16,21,0.3,2.0,1295.3300000000002,True,1295.3300000000002
b3c17,7,0.1,1.2,1027.12,True,1027.12
b3c17,7,0.1,1.5,1027.12,True,1027.12
b3c17,7,0.1,2.0,1027.12,True,1027.12
b3c17,7,0.2,1.2,1027.12,True,1027.12
b3c17,7,0.2,1.5,1027.12,True,1027.12
b3c17,7,0.2,2.0,1027.12,True,1027.12
b3c17,7,0.3,1.2,1027.12,True,1027.12
b3c17,7,0.3,1.5,1027.12,True,1027.12
b3c17,7,0.3,2.0,1027.12,True,1027.12
b3c17,11,0.1,1.2,1027.12,True,1027.12
b3c17,11,0.1,1.5,1027.12,True,1027.12
b3c17,11,0.1,2.0,1027.12,True,1027.12
b3c17,11,0.2,1.2,1027.12,True,1027.12
b3c17,11,0.2,1.5,1027.12,True,1027.12
b3c17,11,0.2,2.0,1027.12,True,1027.12
b3c17,11,0.3,1.2,1027.12,True,1027.12
b3c17,11,0.3,1.5,1027.12,True,1027.12
b3c17,11,0.3,2.0,1027.12,True,1027.12
b3c17,21,0.1,1.2,1027.12,True,1027.12
b3c17,21,0.1,1.5,1027.12,True,1027.12
b3c17,21,0.1,2.0,1027.12,True,1027.12
b3c17,21,0.2,1.2,1027.12,True,1027.12
b3c17,21,0.2,1.5,1027.12,True,1027.12
b3c17,21,0.2,2.0,1027.12,True,1027.12
b3c17,21,0.3,1.2,1027.12,True,1027.12
b3c17,21,0.3,1.5,1027.12,True,1027.12
b3c17,21,0.3,2.0,1027.12,True,1027.12
b3c18,7,0.1,1.2,906.6500000000001,True,906.6500000000001
b3c18,7,0.1,1.5,906.6500000000001,True,906.6500000000001
b3c18,7,0.1,2.0,906.6500000000001,True,906.6500000000001
b3c18,7,0.2,1.2,906.6500000000001,True,906.6500000000001
b3c18,7,0.2,1.5,906.6500000000001,True,906.6500000000001
b3c18,7,0.2,2.0,906.6500000000001,True,906.6500000000001
b3c18,7,0.3,1.2,906.6500000000001,True,906.6500000000001
b3c18,7,0.3,1.5,906.6500000000001,True,906.6500000000001
b3c18,7,0.3,2.0,906.6500000000001,True,906.6500000000001
b3c18,11,0.1,1.2,906.6500000000001,True,906.6500000000001
b3c18,11,0.1,1.5,906.6500000000001,True,906.6500000000001
b3c18,11,0.1,2.0,906.6500000000001,True,906.6500000000001
b3c18,11,0.2,1.2,906.6500000000001,True,906.6500000000001
b3c18,11,0.2,1.5,906.6500000000001,True,906.6500000000001
b3c18,11,0.2,2.0,906.6500000000001,True,906.6500000000001
b3c18,11,0.3,1.2,906.6500000000001,True,906.6500000000001
b3c18,11,0.3,1.5,906.6500000000001,True,906.6500000000001
b3c18,11,0.3,2.0,906.6500000000001,True,906.6500000000001
b3c18,21,0.1,1.2,906.6500000000001,True,906.6500000000001
b3c18,21,0.1,1.5,906.6500000000001,True,906.6500000000001
b3c18,21,0.1,2.0,906.6500000000001,True,906.6500000000001
b3c18,21,0.2,1.2,906.6500000000001,True,906.6500000000001
b3c18,21,0.2,1.5,906.6500000000001,True,906.6500000000001
b3c18,21,0.2,2.0,906.6500000000001,True,906.6500000000001
b3c18,21,0.3,1.2,906.6500000000001,True,906.6500000000001
b3c18,21,0.3,1.5,906.6500000000001,True,906.6500000000001
b3c18,21,0.3,2.0,906.6500000000001,True,906.6500000000001
b3c19,7,0.1,1.2,902.32,True,902.32
b3c19,7,0.1,1.5,902.32,True,902.32
b3c19,7,0.1,2.0,902.32,True,902.32
b3c19,7,0.2,1.2,902.32,True,902.32
b3c19,7,0.2,1.5,902.32,True,902.32
b3c19,7,0.2,2.0,902.32,True,902.32
b3c19,7,0.3,1.2,902.32,True,902.32
b3c19,7,0.3,1.5,902.32,True,902.32
b3c19,7,0.3,2.0,902.32,True,902.32
b3c19,11,0.1,1.2,902.32,True,902.32
b3c19,11,0.1,1.5,902.32,True,902.32
b3c19,11,0.1,2.0,902.32,True,902.32
b3c19,11,0.2,1.2,902.32,True,902.32
b3c19,11,0.2,1.5,902.32,True,902.32
b3c19,11,0.2,2.0,902.32,True,902.32
b3c19,11,0.3,1.2,902.32,True,902.32
b3c19,11,0.3,1.5,902.32,True,902.32
b3c19,11,0.3,2.0,902.32,True,902.32
b3c19,21,0.1,1.2,902.32,True,902.32
b3c19,21,0.1,1.5,902.32,True,902.32
b3c19,21,0.1,2.0,902.32,True,902.32
b3c19,21,0.2,1.2,902.32,True,902.32
b3c19,21,0.2,1.5,902.32,True,902.32
b3c19,21,0.2,2.0,902.32,True,902.32
b3c19,21,0.3,1.2,902.32,True,902.32
b3c19,21,0.3,1.5,902.32,True,902.32
b3c19,21,0.3,2.0,902.32,True,902.32
b3c20,7,0.1,1.2,675.6600000000001,True,675.6600000000001
b3c20,7,0.1,1.5,675.6600000000001,True,675.6600000000001
b3c20,7,0.1,2.0,675.6600000000001,True,675.6600000000001
b3c20,7,0.2,1.2,675.6600000000001,True,675.6600000000001
b3c20,7,0.2,1.5,675.6600000000001,True,675.6600000000001
b3c20,7,0.2,2.0,675.6600000000001,True,675.6600000000001
b3c20,7,0.3,1.2,675.6600000000001,True,675.6600000000001
b3c20,7,0.3,1.5,675.6600000000001,True,675.6600000000001
b3c20,7,0.3,2.0,675.6600000000001,True,675.6600000000001
b3c20,11,0.1,1.2,675.6600000000001,True,675.6600000000001
b3c20,11,0.1,1.5,675.6600000000001,True,675.6600000000001
b3c20,11,0.1,2.0,675.6600000000001,True,675.6600000000001
b3c20,11,0.2,1.2,675.6600000000001,True,675.6600000000001
b3c20,11,0.2,1.5,675.6600000000001,True,675.6600000000001
b3c20,11,0.2,2.0,675.6600000000001,True,675.6600000000001
b3c20,11,0.3,1.2,675.6600000000001,True,675.6600000000001
b3c20,11,0.3,1.5,675.6600000000001,True,675.6600000000001
b3c20,11,0.3,2.0,675.6600000000001,True,675.6600000000001
b3c20,21,0.1,1.2,675.6600000000001,True,675.6600000000001
b3c20,21,0.1,1.5,675.6600000000001,True,675.6600000000001
b3c20,21,0.1,2.0,675.6600000000001,True,675.6600000000001
b3c20,21,0.2,1.2,675.6600000000001,True,675.6600000000001
b3c20,21,0.2,1.5,675.6600000000001,True,675.6600000000001
b3c20,21,0.2,2.0,675.6600000000001,True,675.6600000000001
b3c20,21,0.3,1.2,675.6600000000001,True,675.6600000000001
b3c20,21,0.3,1.5,675.6600000000001,True,675.6600000000001
b3c20,21,0.3,2.0,675.6600000000001,True,675.6600000000001
b3c21,7,0.1,1.2,595.97,True,595.97
b3c21,7,0.1,1.5,595.97,True,595.97
b3c21,7,0.1,2.0,595.97,True,595.97
b3c21,7,0.2,1.2,595.97,True,595.97
b3c21,7,0.2,1.5,595.97,True,595.97
b3c21,7,0.2,2.0,595.97,True,595.97
b3c21,7,0.3,1.2,595.97,True,595.97
b3c21,7,0.3,1.5,595.97,True,595.97
b3c21,7,0.3,2.0,595.97,True,595.97
b3c21,11,0.1,1.2,595.97,True,595.97
b3c21,11,0.1,1.5,595.97,True,595.97
b3c21,11,0.1,2.0,595.97,True,595.97
b3c21,11,0.2,1.2,595.97,True,595.97
b3c21,11,0.2,1.5,595.97,True,595.97
b3c21,11,0.2,2.0,595.97,True,595.97
b3c21,11,0.3,1.2,595.97,True,595.97
b3c21,11,0.3,1.5,595.97,True,595.97
b3c21,11,0.3,2.0,595.97,True,595.97
b3c21,21,0.1,1.2,595.97,True,595.97
b3c21,21,0.1,1.5,595.97,True,595.97
b3c21,21,0.1,2.0,595.97,True,595.97
b3c21,21,0.2,1.2,595.97,True,595.97
b3c21,21,0.2,1.5,595.97,True,595.97
b3c21,21,0.2,2.0,595.97,True,595.97
b3c21,21,0.3,1.2,595.97,True,595.97
b3c21,21,0.3,1.5,595.97,True,595.97
b3c21,21,0.3,2.0,595.97,True,595.97
b3c22,7,0.1,1.2,852.35,True,852.35
b3c22,7,0.1,1.5,852.35,True,852.35
b3c22,7,0.1,2.0,852.35,True,852.35
b3c22,7,0.2,1.2,852.35,True,852.35
b3c22,7,0.2,1.5,852.35,True,852.35
b3c22,7,0.2,2.0,852.35,True,852.35
b3c22,7,0.3,1.2,852.35,True,852.35
b3c22,7,0.3,1.5,852.35,True,852.35
b3c22,7,0.3,2.0,852.35,True,852.35
b3c22,11,0.1,1.2,852.35,True,852.35
b3c22,11,0.1,1.5,852.35,True,852.35
b3c22,11,0.1,2.0,852.35,True,852.35
b3c22,11,0.2,1.2,852.35,True,852.35
b3c22,11,0.2,1.5,852.35,True,852.35
b3c22,11,0.2,2.0,852.35,True,852.35
b3c22,11,0.3,1.2,852.35,True,852.35
b3c22,11,0.3,1.5,852.35,True,852.35
b3c22,11,0.3,2.0,852.35,True,852.35
b3c22,21,0.1,1.2,852.35,True,852.35
b3c22,21,0.1,1.5,852.35,True,852.35
b3c22,21,0.1,2.0,852.35,True,852.35
b3c22,21,0.2,1.2,852.35,True,852.35
b3c22,21,0.2,1.5,852.35,True,852.35
b3c22,21,0.2,2.0,852.35,True,852.35
b3c22,21,0.3,1.2,852.35,True,852.35
b3c22,21,0.3,1.5,852.35,True,852.35
b3c22,21,0.3,2.0,852.35,True,852.35
b3c23,7,0.1,1.2,1862.1499999999999,True,1862.1499999999999
b3c23,7,0.1,1.5,1862.1499999999999,True,1862.1499999999999
b3c23,7,0.1,2.0,1862.1499999999999,True,1862.1499999999999
b3c23,7,0.2,1.2,1862.1499999999999,True,1862.1499999999999
b3c23,7,0.2,1.5,1862.1499999999999,True,1862.1499999999999
b3c23,7,0.2,2.0,1862.1499999999999,True,1862.1499999999999
b3c23,7,0.3,1.2,1862.1499999999999,True,1862.1499999999999
b3c23,7,0.3,1.5,1862.1499999999999,True,1862.1499999999999
b3c23,7,0.3,2.0,1862.1499999999999,True,1862.1499999999999
b3c23,11,0.1,1.2,1862.1499999999999,True,1862.1499999999999
b3c23,11,0.1,1.5,1862.1499999999999,True,1862.1499999999999
b3c23,11,0.1,2.0,1862.1499999999999,True,1862.1499999999999
b3c23,11,0.2,1.2,1862.1499999999999,True,1862.1499999999999
b3c23,11,0.2,1.5,1862.1499999999999,True,1862.1499999999999
b3c23,11,0.2,2.0,1862.1499999999999,True,1862.1499999999999
b3c23,11,0.3,1.2,1862.1499999999999,True,1862.1499999999999
b3c23,11,0.3,1.5,1862.1499999999999,True,1862.1499999999999
b3c23,11,0.3,2.0,1862.1499999999999,True,1862.1499999999999
b3c23,21,0.1,1.2,1862.1499999999999,True,1862.1499999999999
b3c23,21,0.1,1.5,1862.1499999999999,True,1862.1499999999999
b3c23,21,0.1,2.0,1862.1499999999999,True,1862.1499999999999
b3c23,21,0.2,1.2,1862.1499999999999,True,1862.1499999999999
b3c23,21,0.2,1.5,1862.1499999999999,True,1862.1499999999999
b3c23,21,0.2,2.0,1862.1499999999999,True,1862.1499999999999
b3c23,21,0.3,1.2,1862.1499999999999,True,1862.1499999999999
b3c23,21,0.3,1.5,1862.1499999999999,True,1862.1499999999999
b3c23,21,0.3,2.0,1862.1499999999999,True,1862.1499999999999
b3c24,7,0.1,1.2,685.62,True,685.62
b3c24,7,0.1,1.5,685.62,True,685.62
b3c24,7,0.1,2.0,685.62,True,685.62
b3c24,7,0.2,1.2,685.62,True,685.62
b3c24,7,0.2,1.5,685.62,True,685.62
b3c24,7,0.2,2.0,685.62,True,685.62
b3c24,7,0.3,1.2,685.62,True,685.62
b3c24,7,0.3,1.5,685.62,True,685.62
b3c24,7,0.3,2.0,685.62,True,685.62
b3c24,11,0.1,1.2,685.62,True,685.62
b3c24,11,0.1,1.5,685.62,True,685.62
b3c24,11,0.1,2.0,685.62,True,685.62
b3c24,11,0.2,1.2,685.62,True,685.62
b3c24,11,0.2,1.5,685.62,True,685.62
b3c24,11,0.2,2.0,685.62,True,685.62
b3c24,11,0.3,1.2,685.62,True,685.62
b3c24,11,0.3,1.5,685.62,True,685.62
b3c24,11,0.3,2.0,685.62,True,685.62
b3c24,21,0.1,1.2,685.62,True,685.62
b3c24,21,0.1,1.5,685.62,True,685.62
b3c24,21,0.1,2.0,685.62,True,685.62
b3c24,21,0.2,1.2,685.62,True,685.62
b3c24,21,0.2,1.5,685.62,True,685.62
b3c24,21,0.2,2.0,685.62,True,685.62
b3c24,21,0.3,1.2,685.62,True,685.62
b3c24,21,0.3,1.5,685.62,True,685.62
b3c24,21,0.3,2.0,685.62,True,685.62
b3c25,7,0.1,1.2,821.7400000000001,True,821.7400000000001
b3c25,7,0.1,1.5,821.7400000000001,True,821.7400000000001
b3c25,7,0.1,2.0,821.7400000000001,True,821.7400000000001
b3c25,7,0.2,1.2,821.7400000000001,True,821.7400000000001
b3c25,7,0.2,1.5,821.7400000000001,True,821.7400000000001
b3c25,7,0.2,2.0,821.7400000000001,True,821.7400000000001
b3c25,7,0.3,1.2,821.7400000000001,True,821.7400000000001
b3c25,7,0.3,1.5,821.7400000000001,True,821.7400000000001
b3c25,7,0.3,2.0,821.7400000000001,True,821.7400000000001
b3c25,11,0.1,1.2,821.7400000000001,True,821.7400000000001
b3c25,11,0.1,1.5,821.7400000000001,True,821.7400000000001
b3c25,11,0.1,2.0,821.7400000000001,True,821.7400000000001
b3c25,11,0.2,1.2,821.7400000000001,True,821.7400000000001
b3c25,11,0.2,1.5,821.7400000000001,True,821.7400000000001
b3c25,11,0.2,2.0,821.7400000000001,True,821.7400000000001
b3c25,11,0.3,1.2,821.7400000000001,True,821.7400000000001
b3c25,11,0.3,1.5,821.7400000000001,True,821.7400000000001
b3c25,11,0.3,2.0,821.7400000000001,True,821.7400000000001
b3c25,21,0.1,1.2,821.7400000000001,True,821.7400000000001
b3c25,21,0.1,1.5,821.7400000000001,True,821.7400000000001
b3c25,21,0.1,2.0,821.7400000000001,True,821.7400000000001
b3c25,21,0.2,1.2,821.7400000000001,True,821.7400000000001
b3c25,21,0.2,1.5,821.7400000000001,True,821.7400000000001
b3c25,21,0.2,2.0,821.7400000000001,True,821.7400000000001
b3c25,21,0.3,1.2,821.7400000000001,True,821.7400000000001
b3c25,21,0.3,1.5,821.7400000000001,True,821.7400000000001
b3c25,21,0.3,2.0,821.7400000000001,True,821.7400000000001
b3c26,7,0.1,1.2,793.09,True,793.09
b3c26,7,0.1,1.5,793.09,True,793.09
b3c26,7,0.1,2.0,793.09,True,793.09
b3c26,7,0.2,1.2,793.09,True,793.09
b3c26,7,0.2,1.5,793.09,True,793.09
b3c26,7,0.2,2.0,793.09,True,793.09
b3c26,7,0.3,1.2,793.09,True,793.09
b3c26,7,0.3,1.5,793.09,True,793.09
b3c26,7,0.3,2.0,793.09,True,793.09
b3c26,11,0.1,1.2,793.09,True,793.09
b3c26,11,0.1,1.5,793.09,True,793.09
b3c26,11,0.1,2.0,793.09,True,793.09
b3c26,11,0.2,1.2,793.09,True,793.09
b3c26,11,0.2,1.5,793.09,True,793.09
b3c26,11,0.2,2.0,793.09,True,793.09
b3c26,11,0.3,1.2,793.09,True,793.09
b3c26,11,0.3,1.5,793.09,True,793.09
b3c26,11,0.3,2.0,793.09,True,793.09
b3c26,21,0.1,1.2,793.09,True,793.09
b3c26,21,0.1,1.5,793.09,True,793.09
b3c26,21,0.1,2.0,793.09,True,793.09
b3c26,21,0.2,1.2,793.09,True,793.09
b3c26,21,0.2,1.5,793.09,True,793.09
b3c26,21,0.2,2.0,793.09,True,793.09
b3c26,21,0.3,1.2,793.09,True,793.09
b3c26,21,0.3,1.5,793.09,True,793.09
b3c26,21,0.3,2.0,793.09,True,793.09
b3c27,7,0.1,1.2,672.8100000000001,True,672.8100000000001
b3c27,7,0.1,1.5,672.8100000000001,True,672.8100000000001
b3c27,7,0.1,2.0,672.8100000000001,True,672.8100000000001
b3c27,7,0.2,1.2,672.8100000000001,True,672.8100000000001
b3c27,7,0.2,1.5,672.8100000000001,True,672.8100000000001
b3c27,7,0.2,2.0,672.8100000000001,True,672.8100000000001
b3c27,7,0.3,1.2,672.8100000000001,True,672.8100000000001
b3c27,7,0.3,1.5,672.8100000000001,True,672.8100000000001
b3c27,7,0.3,2.0,672.8100000000001,True,672.8100000000001
b3c27,11,0.1,1.2,672.8100000000001,True,672.8100000000001
b3c27,11,0.1,1.5,672.8100000000001,True,672.8100000000001
b3c27,11,0.1,2.0,672.8100000000001,True,672.8100000000001
b3c27,11,0.2,1.2,672.8100000000001,True,672.8100000000001
b3c27,11,0.2,1.5,672.8100000000001,True,672.8100000000001
b3c27,11,0.2,2.0,672.8100000000001,True,672.8100000000001
b3c27,11,0.3,1.2,672.8100000000001,True,672.8100000000001
b3c27,11,0.3,1.5,672.8100000000001,True,672.8100000000001
b3c27,11,0.3,2.0,672.8100000000001,True,672.8100000000001
b3c27,21,0.1,1.2,672.8100000000001,True,672.8100000000001
b3c27,21,0.1,1.5,672.8100000000001,True,672.8100000000001
b3c27,21,0.1,2.0,672.8100000000001,True,672.8100000000001
b3c27,21,0.2,1.2,672.8100000000001,True,672.8100000000001
b3c27,21,0.2,1.5,672.8100000000001,True,672.8100000000001
b3c27,21,0.2,2.0,672.8100000000001,True,672.8100000000001
b3c27,21,0.3,1.2,672.8100000000001,True,672.8100000000001
b3c27,21,0.3,1.5,672.8100000000001,True,672.8100000000001
b3c27,21,0.3,2.0,672.8100000000001,True,672.8100000000001
b3c28,7,0.1,1.2,381.00000000000006,True,381.00000000000006
b3c28,7,0.1,1.5,381.00000000000006,True,381.00000000000006
b3c28,7,0.1,2.0,381.00000000000006,True,381.00000000000006
b3c28,7,0.2,1.2,381.00000000000006,True,381.00000000000006
b3c28,7,0.2,1.5,381.00000000000006,True,381.00000000000006
b3c28,7,0.2,2.0,381.00000000000006,True,381.00000000000006
b3c28,7,0.3,1.2,381.00000000000006,True,381.00000000000006
b3c28,7,0.3,1.5,381.00000000000006,True,381.00000000000006
b3c28,7,0.3,2.0,381.00000000000006,True,381.00000000000006
b3c28,11,0.1,1.2,381.00000000000006,True,381.00000000000006
b3c28,11,0.1,1.5,381.00000000000006,True,381.00000000000006
b3c28,11,0.1,2.0,381.00000000000006,True,381.00000000000006
b3c28,11,0.2,1.2,381.00000000000006,True,381.00000000000006
b3c28,11,0.2,1.5,381.00000000000006,True,381.00000000000006
b3c28,11,0.2,2.0,381.00000000000006,True,381.00000000000006
b3c28,11,0.3,1.2,381.00000000000006,True,381.00000000000006
b3c28,11,0.3,1.5,381.00000000000006,True,381.00000000000006
b3c28,11,0.3,2.0,381.00000000000006,True,381.00000000000006
b3c28,21,0.1,1.2,381.00000000000006,True,381.00000000000006
b3c28,21,0.1,1.5,381.00000000000006,True,381.00000000000006
b3c28,21,0.1,2.0,381.00000000000006,True,381.00000000000006
b3c28,21,0.2,1.2,381.00000000000006,True,381.00000000000006
b3c28,21,0.2,1.5,381.00000000000006,True,381.00000000000006
b3c28,21,0.2,2.0,381.00000000000006,True,381.00000000000006
b3c28,21,0.3,1.2,381.00000000000006,True,381.00000000000006
b3c28,21,0.3,1.5,381.00000000000006,True,381.00000000000006
b3c28,21,0.3,2.0,381.00000000000006,True,381.00000000000006
b3c29,7,0.1,1.2,670.66,True,670.66
b3c29,7,0.1,1.5,670.66,True,670.66
b3c29,7,0.1,2.0,670.66,True,670.66
b3c29,7,0.2,1.2,670.66,True,670.66
b3c29,7,0.2,1.5,670.66,True,670.66
b3c29,7,0.2,2.0,670.66,True,670.66
b3c29,7,0.3,1.2,670.66,True,670.66
b3c29,7,0.3,1.5,670.66,True,670.66
b3c29,7,0.3,2.0,670.66,True,670.66
b3c29,11,0.1,1.2,670.66,True,670.66
b3c29,11,0.1,1.5,670.66,True,670.66
b3c29,11,0.1,2.0,670.66,True,670.66
b3c29,11,0.2,1.2,670.66,True,670.66
b3c29,11,0.2,1.5,670.66,True,670.66
b3c29,11,0.2,2.0,670.66,True,670.66
b3c29,11,0.3,1.2,670.66,True,670.66
b3c29,11,0.3,1.5,670.66,True,670.66
b3c29,11,0.3,2.0,670.66,True,670.66
b3c29,21,0.1,1.2,670.66,True,670.66
b3c29,21,0.1,1.5,670.66,True,670.66
b3c29,21,0.1,2.0,670.66,True,670.66
b3c29,21,0.2,1.2,670.66,True,670.66
b3c29,21,0.2,1.5,670.66,True,670.66
b3c29,21,0.2,2.0,670.66,True,670.66
b3c29,21,0.3,1.2,670.66,True,670.66
b3c29,21,0.3,1.5,670.66,True,670.66
b3c29,21,0.3,2.0,670.66,True,670.66
b3c30,7,0.1,1.2,758.44,True,758.44
b3c30,7,0.1,1.5,758.44,True,758.44
b3c30,7,0.1,2.0,758.44,True,758.44
b3c30,7,0.2,1.2,758.44,True,758.44
b3c30,7,0.2,1.5,758.44,True,758.44
b3c30,7,0.2,2.0,758.44,True,758.44
b3c30,7,0.3,1.2,758.44,True,758.44
b3c30,7,0.3,1.5,758.44,True,758.44
b3c30,7,0.3,2.0,758.44,True,758.44
b3c30,11,0.1,1.2,758.44,True,758.44
b3c30,11,0.1,1.5,758.44,True,758.44
b3c30,11,0.1,2.0,758.44,True,758.44
b3c30,11,0.2,1.2,758.44,True,758.44
b3c30,11,0.2,1.5,758.44,True,758.44
b3c30,11,0.2,2.0,758.44,True,758.44
b3c30,11,0.3,1.2,758.44,True,758.44
b3c30,11,0.3,1.5,758.44,True,758.44
b3c30,11,0.3,2.0,758.44,True,758.44
b3c30,21,0.1,1.2,758.44,True,758.44
b3c30,21,0.1,1.5,758.44,True,758.44
b3c30,21,0.1,2.0,758.44,True,758.44
b3c30,21,0.2,1.2,758.44,True,758.44
b3c30,21,0.2,1.5,758.44,True,758.44
b3c30,21,0.2,2.0,758.44,True,758.44
b3c30,21,0.3,1.2,758.44,True,758.44
b3c30,21,0.3,1.5,758.44,True,758.44
b3c30,21,0.3,2.0,758.44,True,758.44
b3c31,7,0.1,1.2,600.4000000000001,True,600.4000000000001
b3c31,7,0.1,1.5,600.4000000000001,True,600.4000000000001
b3c31,7,0.1,2.0,600.4000000000001,True,600.4000000000001
b3c31,7,0.2,1.2,600.4000000000001,True,600.4000000000001
b3c31,7,0.2,1.5,600.4000000000001,True,600.4000000000001
b3c31,7,0.2,2.0,600.4000000000001,True,600.4000000000001
b3c31,7,0.3,1.2,600.4000000000001,True,600.4000000000001
b3c31,7,0.3,1.5,600.4000000000001,True,600.4000000000001
b3c31,7,0.3,2.0,600.4000000000001,True,600.4000000000001
b3c31,11,0.1,1.2,600.4000000000001,True,600.4000000000001
b3c31,11,0.1,1.5,600.4000000000001,True,600.4000000000001
b3c31,11,0.1,2.0,600.4000000000001,True,600.4000000000001
b3c31,11,0.2,1.2,600.4000000000001,True,600.4000000000001
b3c31,11,0.2,1.5,600.4000000000001,True,600.4000000000001
b3c31,11,0.2,2.0,600.4000000000001,True,600.4000000000001
b3c31,11,0.3,1.2,600.4000000000001,True,600.4000000000001
b3c31,11,0.3,1.5,600.4000000000001,True,600.4000000000001
b3c31,11,0.3,2.0,600.4000000000001,True,600.4000000000001
b3c31,21,0.1,1.2,600.4000000000001,True,600.4000000000001
b3c31,21,0.1,1.5,600.4000000000001,True,600.4000000000001
b3c31,21,0.1,2.0,600.4000000000001,True,600.4000000000001
b3c31,21,0.2,1.2,600.4000000000001,True,600.4000000000001
b3c31,21,0.2,1.5,600.4000000000001,True,600.4000000000001
b3c31,21,0.2,2.0,600.4000000000001,True,600.4000000000001
b3c31,21,0.3,1.2,600.4000000000001,True,600.4000000000001
b3c31,21,0.3,1.5,600.4000000000001,True,600.4000000000001
b3c31,21,0.3,2.0,600.4000000000001,True,600.4000000000001
b3c32,7,0.1,1.2,1902.95,True,1902.95
b3c32,7,0.1,1.5,1902.95,True,1902.95
b3c32,7,0.1,2.0,1902.95,True,1902.95
b3c32,7,0.2,1.2,1902.95,True,1902.95
b3c32,7,0.2,1.5,1902.95,True,1902.95
b3c32,7,0.2,2.0,1902.95,True,1902.95
b3c32,7,0.3,1.2,1902.95,True,1902.95
b3c32,7,0.3,1.5,1902.95,True,1902.95
b3c32,7,0.3,2.0,1902.95,True,1902.95
b3c32,11,0.1,1.2,1902.95,True,1902.95
b3c32,11,0.1,1.5,1902.95,True,1902.95
b3c32,11,0.1,2.0,1902.95,True,1902.95
b3c32,11,0.2,1.2,1902.95,True,1902.95
b3c32,11,0.2,1.5,1902.95,True,1902.95
b3c32,11,0.2,2.0,1902.95,True,1902.95
b3c32,11,0.3,1.2,1902.95,True,1902.95
b3c32,11,0.3,1.5,1902.95,True,1902.95
b3c32,11,0.3,2.0,1902.95,True,1902.95
b3c32,21,0.1,1.2,1902.95,True,1902.95
b3c32,21,0.1,1.5,1902.95,True,1902.95
b3c32,21,0.1,2.0,1902.95,True,1902.95
b3c32,21,0.2,1.2,1902.95,True,1902.95
b3c32,21,0.2,1.5,1902.95,True,1902.95
b3c32,21,0.2,2.0,1902.95,True,1902.95
b3c32,21,0.3,1.2,1902.95,True,1902.95
b3c32,21,0.3,1.5,1902.95,True,1902.95
b3c32,21,0.3,2.0,1902.95,True,1902.95
b3c33,7,0.1,1.2,1092.05,True,1092.05
b3c33,7,0.1,1.5,1092.05,True,1092.05
b3c33,7,0.1,2.0,1092.05,True,1092.05
b3c33,7,0.2,1.2,1092.05,True,1092.05
b3c33,7,0.2,1.5,1092.05,True,1092.05
b3c33,7,0.2,2.0,1092.05,True,1092.05
b3c33,7,0.3,1.2,1092.05,True,1092.05
b3c33,7,0.3,1.5,1092.05,True,1092.05
b3c33,7,0.3,2.0,1092.05,True,1092.05
b3c33,11,0.1,1.2,1092.05,True,1092.05
b3c33,11,0.1,1.5,1092.05,True,1092.05
b3c33,11,0.1,2.0,1092.05,True,1092.05
b3c33,11,0.2,1.2,1092.05,True,1092.05
b3c33,11,0.2,1.5,1092.05,True,1092.05
b3c33,11,0.2,2.0,1092.05,True,1092.05
b3c33,11,0.3,1.2,1092.05,True,1092.05
b3c33,11,0.3,1.5,1092.05,True,1092.05
b3c33,11,0.3,2.0,1092.05,True,1092.05
b3c33,21,0.1,1.2,1092.05,True,1092.05
b3c33,21,0.1,1.5,1092.05,True,1092.05
b3c33,21,0.1,2.0,1092.05,True,1092.05
b3c33,21,0.2,1.2,1092.05,True,1092.05
b3c33,21,0.2,1.5,1092.05,True,1092.05
b3c33,21,0.2,2.0,1092.05,True,1092.05
b3c33,21,0.3,1.2,1092.05,True,1092.05
b3c33,21,0.3,1.5,1092.05,True,1092.05
b3c33,21,0.3,2.0,1092.05,True,1092.05
b3c34,7,0.1,1.2,927.6,True,927.6
b3c34,7,0.1,1.5,927.6,True,927.6
b3c34,7,0.1,2.0,927.6,True,927.6
b3c34,7,0.2,1.2,927.6,True,927.6
b3c34,7,0.2,1.5,927.6,True,927.6
b3c34,7,0.2,2.0,927.6,True,927.6
b3c34,7,0.3,1.2,927.6,True,927.6
b3c34,7,0.3,1.5,927.6,True,927.6
b3c34,7,0.3,2.0,927.6,True,927.6
b3c34,11,0.1,1.2,927.6,True,927.6
b3c34,11,0.1,1.5,927.6,True,927.6
b3c34,11,0.1,2.0,927.6,True,927.6
b3c34,11,0.2,1.2,927.6,True,927.6
b3c34,11,0.2,1.5,927.6,True,927.6
b3c34,11,0.2,2.0,927.6,True,927.6
b3c34,11,0.3,1.2,927.6,True,927.6
b3c34,11,0.3,1.5,927.6,True,927.6
b3c34,11,0.3,2.0,927.6,True,927.6
b3c34,21,0.1,1.2,927.6,True,927.6
b3c34,21,0.1,1.5,927.6,True,927.6
b3c34,21,0.1,2.0,927.6,True,927.6
b3c34,21,0.2,1.2,927.6,True,927.6
b3c34,21,0.2,1.5,927.6,True,927.6
b3c34,21,0.2,2.0,927.6,True,927.6
b3c34,21,0.3,1.2,927.6,True,927.6
b3c34,21,0.3,1.5,927.6,True,927.6
b3c34,21,0.3,2.0,927.6,True,927.6
b3c35,7,0.1,1.2,853.96,True,853.96
b3c35,7,0.1,1.5,853.96,True,853.96
b3c35,7,0.1,2.0,853.96,True,853.96
b3c35,7,0.2,1.2,853.96,True,853.96
b3c35,7,0.2,1.5,853.96,True,853.96
b3c35,7,0.2,2.0,853.96,True,853.96
b3c35,7,0.3,1.2,853.96,True,853.96
b3c35,7,0.3,1.5,853.96,True,853.96
b3c35,7,0.3,2.0,853.96,True,853.96
b3c35,11,0.1,1.2,853.96,True,853.96
b3c35,11,0.1,1.5,853.96,True,853.96
b3c35,11,0.1,2.0,853.96,True,853.96
b3c35,11,0.2,1.2,853.96,True,853.96
b3c35,11,0.2,1.5,853.96,True,853.96
b3c35,11,0.2,2.0,853.96,True,853.96
b3c35,11,0.3,1.2,853.96,True,853.96
b3c35,11,0.3,1.5,853.96,True,853.96
b3c35,11,0.3,2.0,853.96,True,853.96
b3c35,21,0.1,1.2,853.96,True,853.96
b3c35,21,0.1,1.5,853.96,True,853.96
b3c35,21,0.1,2.0,853.96,True,853.96
b3c35,21,0.2,1.2,853.96,True,853.96
b3c35,21,0.2,1.5,853.96,True,853.96
b3c35,21,0.2,2.0,853.96,True,853.96
b3c35,21,0.3,1.2,853.96,True,853.96
b3c35,21,0.3,1.5,853.96,True,853.96
b3c35,21,0.3,2.0,853.96,True,853.96
b3c36,7,0.1,1.2,785.1999999999999,True,785.1999999999999
b3c36,7,0.1,1.5,785.1999999999999,True,785.1999999999999
b3c36,7,0.1,2.0,785.1999999999999,True,785.1999999999999
b3c36,7,0.2,1.2,785.1999999999999,True,785.1999999999999
b3c36,7,0.2,1.5,785.1999999999999,True,785.1999999999999
b3c36,7,0.2,2.0,785.1999999999999,True,785.1999999999999
b3c36,7,0.3,1.2,785.1999999999999,True,785.1999999999999
b3c36,7,0.3,1.5,785.1999999999999,True,785.1999999999999
b3c36,7,0.3,2.0,785.1999999999999,True,785.1999999999999
b3c36,11,0.1,1.2,785.1999999999999,True,785.1999999999999
b3c36,11,0.1,1.5,785.1999999999999,True,785.1999999999999
b3c36,11,0.1,2.0,785.1999999999999,True,785.1999999999999
b3c36,11,0.2,1.2,785.1999999999999,True,785.1999999999999
b3c36,11,0.2,1.5,785.1999999999999,True,785.1999999999999
b3c36,11,0.2,2.0,785.1999999999999,True,785.1999999999999
b3c36,11,0.3,1.2,785.1999999999999,True,785.1999999999999
b3c36,11,0.3,1.5,785.1999999999999,True,785.1999999999999
b3c36,11,0.3,2.0,785.1999999999999,True,785.1999999999999
b3c36,21,0.1,1.2,785.1999999999999,True,785.1999999999999
b3c36,21,0.1,1.5,785.1999999999999,True,785.1999999999999
b3c36,21,0.1,2.0,785.1999999999999,True,785.1999999999999
b3c36,21,0.2,1.2,785.1999999999999,True,785.1999999999999
b3c36,21,0.2,1.5,785.1999999999999,True,785.1999999999999
b3c36,21,0.2,2.0,785.1999999999999,True,785.1999999999999
b3c36,21,0.3,1.2,785.1999999999999,True,785.1999999999999
b3c36,21,0.3,1.5,785.1999999999999,True,785.1999999999999
b3c36,21,0.3,2.0,785.1999999999999,True,785.1999999999999
b3c37,7,0.1,1.2,1168.3600000000001,True,1168.3600000000001
b3c37,7,0.1,1.5,1168.3600000000001,True,1168.3600000000001
b3c37,7,0.1,2.0,1168.3600000000001,True,1168.3600000000001
b3c37,7,0.2,1.2,1168.3600000000001,True,1168.3600000000001
b3c37,7,0.2,1.5,1168.3600000000001,True,1168.3600000000001
b3c37,7,0.2,2.0,1168.3600000000001,True,1168.3600000000001
b3c37,7,0.3,1.2,1168.3600000000001,True,1168.3600000000001
b3c37,7,0.3,1.5,1168.3600000000001,True,1168.3600000000001
b3c37,7,0.3,2.0,1168.3600000000001,True,1168.3600000000001
b3c37,11,0.1,1.2,1168.3600000000001,True,1168.3600000000001
b3c37,11,0.1,1.5,1168.3600000000001,True,1168.3600000000001
b3c37,11,0.1,2.0,1168.3600000000001,True,1168.3600000000001
b3c37,11,0.2,1.2,1168.3600000000001,True,1168.3600000000001
b3c37,11,0.2,1.5,1168.3600000000001,True,1168.3600000000001
b3c37,11,0.2,2.0,1168.3600000000001,True,1168.3600000000001
b3c37,11,0.3,1.2,1168.3600000000001,True,1168.3600000000001
b3c37,11,0.3,1.5,1168.3600000000001,True,1168.3600000000001
b3c37,11,0.3,2.0,1168.3600000000001,True,1168.3600000000001
b3c37,21,0.1,1.2,1168.3600000000001,True,1168.3600000000001
b3c37,21,0.1,1.5,1168.3600000000001,True,1168.3600000000001
b3c37,21,0.1,2.0,1168.3600000000001,True,1168.3600000000001
b3c37,21,0.2,1.2,1168.3600000000001,True,1168.3600000000001
b3c37,21,0.2,1.5,1168.3600000000001,True,1168.3600000000001
b3c37,21,0.2,2.0,1168.3600000000001,True,1168.3600000000001
b3c37,21,0.3,1.2,1168.3600000000001,True,1168.3600000000001
b3c37,21,0.3,1.5,1168.3600000000001,True,1168.3600000000001
b3c37,21,0.3,2.0,1168.3600000000001,True,1168.3600000000001
b3c38,7,0.1,1.2,1529.96,True,1529.96
b3c38,7,0.1,1.5,1529.96,True,1529.96
b3c38,7,0.1,2.0,1529.96,True,1529.96
b3c38,7,0.2,1.2,1529.96,True,1529.96
b3c38,7,0.2,1.5,1529.96,True,1529.96
b3c38,7,0.2,2.0,1529.96,True,1529.96
b3c38,7,0.3,1.2,1529.96,True,1529.96
b3c38,7,0.3,1.5,1529.96,True,1529.96
b3c38,7,0.3,2.0,1529.96,True,1529.96
b3c38,11,0.1,1.2,1529.96,True,1529.96
b3c38,11,0.1,1.5,1529.96,True,1529.96
b3c38,11,0.1,2.0,1529.96,True,1529.96
b3c38,11,0.2,1.2,1529.96,True,1529.96
b3c38,11,0.2,1.5,1529.96,True,1529.96
b3c38,11,0.2,2.0,1529.96,True,1529.96
b3c38,11,0.3,1.2,1529.96,True,1529.96
b3c38,11,0.3,1.5,1529.96,True,1529.96
b3c38,11,0.3,2.0,1529.96,True,1529.96
b3c38,21,0.1,1.2,1529.96,True,1529.96
b3c38,21,0.1,1.5,1529.96,True,1529.96
b3c38,21,0.1,2.0,1529.96,True,1529.96
b3c38,21,0.2,1.2,1529.96,True,1529.96
b3c38,21,0.2,1.5,1529.96,True,1529.96
b3c38,21,0.2,2.0,1529.96,True,1529.96
b3c38,21,0.3,1.2,1529.96,True,1529.96
b3c38,21,0.3,1.5,1529.96,True,1529.96
b3c38,21,0.3,2.0,1529.96,True,1529.96
b3c39,7,0.1,1.2,983.25,True,983.25
b3c39,7,0.1,1.5,983.25,True,983.25
b3c39,7,0.1,2.0,983.25,True,983.25
b3c39,7,0.2,1.2,983.25,True,983.25
b3c39,7,0.2,1.5,983.25,True,983.25
b3c39,7,0.2,2.0,983.25,True,983.25
b3c39,7,0.3,1.2,983.25,True,983.25
b3c39,7,0.3,1.5,983.25,True,983.25
b3c39,7,0.3,2.0,983.25,True,983.25
b3c39,11,0.1,1.2,983.25,True,983.25
b3c39,11,0.1,1.5,983.25,True,983.25
b3c39,11,0.1,2.0,983.25,True,983.25
b3c39,11,0.2,1.2,983.25,True,983.25
b3c39,11,0.2,1.5,983.25,True,983.25
b3c39,11,0.2,2.0,983.25,True,983.25
b3c39,11,0.3,1.2,983.25,True,983.25
b3c39,11,0.3,1.5,983.25,True,983.25
b3c39,11,0.3,2.0,983.25,True,983.25
b3c39,21,0.1,1.2,983.25,True,983.25
b3c39,21,0.1,1.5,983.25,True,983.25
b3c39,21,0.1,2.0,983.25,True,983.25
b3c39,21,0.2,1.2,983.25,True,983.25
b3c39,21,0.2,1.5,983.25,True,983.25
b3c39,21,0.2,2.0,983.25,True,983.25
b3c39,21,0.3,1.2,983.25,True,983.25
b3c39,21,0.3,1.5,983.25,True,983.25
b3c39,21,0.3,2.0,983.25,True,983.25
b3c40,7,0.1,1.2,622.3000000000001,True,622.3000000000001
b3c40,7,0.1,1.5,622.3000000000001,True,622.3000000000001
b3c40,7,0.1,2.0,622.3000000000001,True,622.3000000000001
b3c40,7,0.2,1.2,622.3000000000001,True,622.3000000000001
b3c40,7,0.2,1.5,622.3000000000001,True,622.3000000000001
b3c40,7,0.2,2.0,622.3000000000001,True,622.3000000000001
b3c40,7,0.3,1.2,622.3000000000001,True,622.3000000000001
b3c40,7,0.3,1.5,622.3000000000001,True,622.3000000000001
b3c40,7,0.3,2.0,622.3000000000001,True,622.3000000000001
b3c40,11,0.1,1.2,622.3000000000001,True,622.3000000000001
b3c40,11,0.1,1.5,622.3000000000001,True,622.3000000000001
b3c40,11,0.1,2.0,622.3000000000001,True,622.3000000000001
b3c40,11,0.2,1.2,622.3000000000001,True,622.3000000000001
b3c40,11,0.2,1.5,622.3000000000001,True,622.3000000000001
b3c40,11,0.2,2.0,622.3000000000001,True,622.3000000000001
b3c40,11,0.3,1.2,622.3000000000001,True,622.3000000000001
b3c40,11,0.3,1.5,622.3000000000001,True,622.3000000000001
b3c40,11,0.3,2.0,622.3000000000001,True,622.3000000000001
b3c40,21,0.1,1.2,622.3000000000001,True,622.3000000000001
b3c40,21,0.1,1.5,622.3000000000001,True,622.3000000000001
b3c40,21,0.1,2.0,622.3000000000001,True,622.3000000000001
b3c40,21,0.2,1.2,622.3000000000001,True,622.3000000000001
b3c40,21,0.2,1.5,622.3000000000001,True,622.3000000000001
b3c40,21,0.2,2.0,622.3000000000001,True,622.3000000000001
b3c40,21,0.3,1.2,622.3000000000001,True,622.3000000000001
b3c40,21,0.3,1.5,622.3000000000001,True,622.3000000000001
b3c40,21,0.3,2.0,622.3000000000001,True,622.3000000000001
b3c41,7,0.1,1.2,606.75,True,606.75
b3c41,7,0.1,1.5,606.75,True,606.75
b3c41,7,0.1,2.0,606.75,True,606.75
b3c41,7,0.2,1.2,606.75,True,606.75
b3c41,7,0.2,1.5,606.75,True,606.75
b3c41,7,0.2,2.0,606.75,True,606.75
b3c41,7,0.3,1.2,606.75,True,606.75
b3c41,7,0.3,1.5,606.75,True,606.75
b3c41,7,0.3,2.0,606.75,True,606.75
b3c41,11,0.1,1.2,606.75,True,606.75
b3c41,11,0.1,1.5,606.75,True,606.75
b3c41,11,0.1,2.0,606.75,True,606.75
b3c41,11,0.2,1.2,606.75,True,606.75
b3c41,11,0.2,1.5,606.75,True,606.75
b3c41,11,0.2,2.0,606.75,True,606.75
b3c41,11,0.3,1.2,606.75,True,606.75
b3c41,11,0.3,1.5,606.75,True,606.75
b3c41,11,0.3,2.0,606.75,True,606.75
b3c41,21,0.1,1.2,606.75,True,606.75
b3c41,21,0.1,1.5,606.75,True,606.75
b3c41,21,0.1,2.0,606.75,True,606.75
b3c41,21,0.2,1.2,606.75,True,606.75
b3c41,21,0.2,1.5,606.75,True,606.75
b3c41,21,0.2,2.0,606.75,True,606.75
b3c41,21,0.3,1.2,606.75,True,606.75
b3c41,21,0.3,1.5,606.75,True,606.75
b3c41,21,0.3,2.0,606.75,True,606.75
b3c42,7,0.1,1.2,1298.49,True,1298.49
b3c42,7,0.1,1.5,1298.49,True,1298.49
b3c42,7,0.1,2.0,1298.49,True,1298.49
b3c42,7,0.2,1.2,1298.49,True,1298.49
b3c42,7,0.2,1.5,1298.49,True,1298.49
b3c42,7,0.2,2.0,1298.49,True,1298.49
b3c42,7,0.3,1.2,1298.49,True,1298.49
b3c42,7,0.3,1.5,1298.49,True,1298.49
b3c42,7,0.3,2.0,1298.49,True,1298.49
b3c42,11,0.1,1.2,1298.49,True,1298.49
b3c42,11,0.1,1.5,1298.49,True,1298.49
b3c42,11,0.1,2.0,1298.49,True,1298.49
b3c42,11,0.2,1.2,1298.49,True,1298.49
b3c42,11,0.2,1.5,1298.49,True,1298.49
b3c42,11,0.2,2.0,1298.49,True,1298.49
b3c42,11,0.3,1.2,1298.49,True,1298.49
b3c42,11,0.3,1.5,1298.49,True,1298.49
b3c42,11,0.3,2.0,1298.49,True,1298.49
b3c42,21,0.1,1.2,1298.49,True,1298.49
b3c42,21,0.1,1.5,1298.49,True,1298.49
b3c42,21,0.1,2.0,1298.49,True,1298.49
b3c42,21,0.2,1.2,1298.49,True,1298.49
b3c42,21,0.2,1.5,1298.49,True,1298.49
b3c42,21,0.2,2.0,1298.49,True,1298.49
b3c42,21,0.3,1.2,1298.49,True,1298.49
b3c42,21,0.3,1.5,1298.49,True,1298.49
b3c42,21,0.3,2.0,1298.49,True,1298.49
b3c43,7,0.1,1.2,869.0500000000001,True,869.0500000000001
b3c43,7,0.1,1.5,869.0500000000001,True,869.0500000000001
b3c43,7,0.1,2.0,869.0500000000001,True,869.0500000000001
b3c43,7,0.2,1.2,869.0500000000001,True,869.0500000000001
b3c43,7,0.2,1.5,869.0500000000001,True,869.0500000000001
b3c43,7,0.2,2.0,869.0500000000001,True,869.0500000000001
b3c43,7,0.3,1.2,869.0500000000001,True,869.0500000000001
b3c43,7,0.3,1.5,869.0500000000001,True,869.0500000000001
b3c43,7,0.3,2.0,869.0500000000001,True,869.0500000000001
b3c43,11,0.1,1.2,869.0500000000001,True,869.0500000000001
b3c43,11,0.1,1.5,869.0500000000001,True,869.0500000000001
b3c43,11,0.1,2.0,869.0500000000001,True,869.0500000000001
b3c43,11,0.2,1.2,869.0500000000001,True,869.0500000000001
b3c43,11,0.2,1.5,869.0500000000001,True,869.0500000000001
b3c43,11,0.2,2.0,869.0500000000001,True,869.0500000000001
b3c43,11,0.3,1.2,869.0500000000001,True,869.0500000000001
b3c43,11,0.3,1.5,869.0500000000001,True,869.0500000000001
b3c43,11,0.3,2.0,869.0500000000001,True,869.0500000000001
b3c43,21,0.1,1.2,869.0500000000001,True,869.0500000000001
b3c43,21,0.1,1.5,869.0500000000001,True,869.0500000000001
b3c43,21,0.1,2.0,869.0500000000001,True,869.0500000000001
b3c43,21,0.2,1.2,869.0500000000001,True,869.0500000000001
b3c43,21,0.2,1.5,869.0500000000001,True,869.0500000000001
b3c43,21,0.2,2.0,869.0500000000001,True,869.0500000000001
b3c43,21,0.3,1.2,869.0500000000001,True,869.0500000000001
b3c43,21,0.3,1.5,869.0500000000001,True,869.0500000000001
b3c43,21,0.3,2.0,869.0500000000001,True,869.0500000000001
b3c44,7,0.1,1.2,790.3600000000001,True,790.3600000000001
b3c44,7,0.1,1.5,790.3600000000001,True,790.3600000000001
b3c44,7,0.1,2.0,790.3600000000001,True,790.3600000000001
b3c44,7,0.2,1.2,790.3600000000001,True,790.3600000000001
b3c44,7,0.2,1.5,790.3600000000001,True,790.3600000000001
b3c44,7,0.2,2.0,790.3600000000001,True,790.3600000000001
b3c44,7,0.3,1.2,790.3600000000001,True,790.3600000000001
b3c44,7,0.3,1.5,790.3600000000001,True,790.3600000000001
b3c44,7,0.3,2.0,790.3600000000001,True,790.3600000000001
b3c44,11,0.1,1.2,790.3600000000001,True,790.3600000000001
b3c44,11,0.1,1.5,790.3600000000001,True,790.3600000000001
b3c44,11,0.1,2.0,790.3600000000001,True,790.3600000000001
b3c44,11,0.2,1.2,790.3600000000001,True,790.3600000000001
b3c44,11,0.2,1.5,790.3600000000001,True,790.3600000000001
b3c44,11,0.2,2.0,790.3600000000001,True,790.3600000000001
b3c44,11,0.3,1.2,790.3600000000001,True,790.3600000000001
b3c44,11,0.3,1.5,790.3600000000001,True,790.3600000000001
b3c44,11,0.3,2.0,790.3600000000001,True,790.3600000000001
b3c44,21,0.1,1.2,790.3600000000001,True,790.3600000000001
b3c44,21,0.1,1.5,790.3600000000001,True,790.3600000000001
b3c44,21,0.1,2.0,790.3600000000001,True,790.3600000000001
b3c44,21,0.2,1.2,790.3600000000001,True,790.3600000000001
b3c44,21,0.2,1.5,790.3600000000001,True,790.3600000000001
b3c44,21,0.2,2.0,790.3600000000001,True,790.3600000000001
b3c44,21,0.3,1.2,790.3600000000001,True,790.3600000000001
b3c44,21,0.3,1.5,790.3600000000001,True,790.3600000000001
b3c44,21,0.3,2.0,790.3600000000001,True,790.3600000000001
b3c45,7,0.1,1.2,1424.1000000000001,True,1424.1000000000001
b3c45,7,0.1,1.5,1424.1000000000001,True,1424.1000000000001
b3c45,7,0.1,2.0,1424.1000000000001,True,1424.1000000000001
b3c45,7,0.2,1.2,1424.1000000000001,True,1424.1000000000001
b3c45,7,0.2,1.5,1424.1000000000001,True,1424.1000000000001
b3c45,7,0.2,2.0,1424.1000000000001,True,1424.1000000000001
b3c45,7,0.3,1.2,1424.1000000000001,True,1424.1000000000001
b3c45,7,0.3,1.5,1424.1000000000001,True,1424.1000000000001
b3c45,7,0.3,2.0,1424.1000000000001,True,1424.1000000000001
b3c45,11,0.1,1.2,1424.1000000000001,True,1424.1000000000001
b3c45,11,0.1,1.5,1424.1000000000001,True,1424.1000000000001
b3c45,11,0.1,2.0,1424.1000000000001,True,1424.1000000000001
b3c45,11,0.2,1.2,1424.1000000000001,True,1424.1000000000001
b3c45,11,0.2,1.5,1424.1000000000001,True,1424.1000000000001
b3c45,11,0.2,2.0,1424.1000000000001,True,1424.1000000000001
b3c45,11,0.3,1.2,1424.1000000000001,True,1424.1000000000001
b3c45,11,0.3,1.5,1424.1000000000001,True,1424.1000000000001
b3c45,11,0.3,2.0,1424.1000000000001,True,1424.1000000000001
b3c45,21,0.1,1.2,1424.1000000000001,True,1424.1000000000001
b3c45,21,0.1,1.5,1424.1000000000001,True,1424.1000000000001
b3c45,21,0.1,2.0,1424.1000000000001,True,1424.1000000000001
b3c45,21,0.2,1.2,1424.1000000000001,True,1424.1000000000001
b3c45,21,0.2,1.5,1424.1000000000001,True,1424.1000000000001
b3c45,21,0.2,2.0,1424.1000000000001,True,1424.1000000000001
b3c45,21,0.3,1.2,1424.1000000000001,True,1424.1000000000001
b3c45,21,0.3,1.5,1424.1000000000001,True,1424.1000000000001
b3c45,21,0.3,2.0,1424.1000000000001,True,1424.1000000000001
